,equity
2016-01-04,100000000.0
2016-01-05,100000000.0
2016-01-06,100000000.0
2016-01-07,100000000.0
2016-01-08,100000000.0
2016-01-11,100000000.0
2016-01-12,100000000.0
2016-01-13,100000000.0
2016-01-14,100000000.0
2016-01-15,100000000.0
2016-01-18,100000000.0
2016-01-19,100000000.0
2016-01-20,100000000.0
2016-01-21,100000000.0
2016-01-22,100000000.0
2016-01-25,100000000.0
2016-01-26,100000000.0
2016-01-27,100000000.0
2016-01-28,100000000.0
2016-01-29,100000000.0
2016-02-01,100000000.0
2016-02-02,100000000.0
2016-02-03,100000000.0
2016-02-04,100000000.0
2016-02-05,100000000.0
2016-02-11,100000000.0
2016-02-12,100000000.0
2016-02-15,100000000.0
2016-02-16,100000000.0
2016-02-17,100000000.0
2016-02-18,100000000.0
2016-02-19,100000000.0
2016-02-22,100000000.0
2016-02-23,100000000.0
2016-02-24,100000000.0
2016-02-25,100000000.0
2016-02-26,100000000.0
2016-02-29,100000000.0
2016-03-02,100000000.0
2016-03-03,100000000.0
2016-03-04,100000000.0
2016-03-07,100000000.0
2016-03-08,100000000.0
2016-03-09,100000000.0
2016-03-10,100000000.0
2016-03-11,100000000.0
2016-03-14,100000000.0
2016-03-15,100000000.0
2016-03-16,100000000.0
2016-03-17,100000000.0
2016-03-18,100000000.0
2016-03-21,100000000.0
2016-03-22,100000000.0
2016-03-23,100000000.0
2016-03-24,100000000.0
2016-03-25,100000000.0
2016-03-28,100000000.0
2016-03-29,100000000.0
2016-03-30,100000000.0
2016-03-31,100000000.0
2016-04-01,100000000.0
2016-04-04,100000000.0
2016-04-05,101106199.83445556
2016-04-06,99460429.7199073
2016-04-07,99732135.37703568
2016-04-08,101916412.73158532
2016-04-11,94202256.165498
2016-04-12,97219703.62313884
2016-04-14,99522232.17459603
2016-04-15,97059760.70174268
2016-04-18,95517282.86653112
2016-04-19,95780848.20196204
2016-04-20,94652602.18729937
2016-04-21,95894606.53086375
2016-04-22,94961092.12134263
2016-04-25,95331661.7987736
2016-04-26,94851238.30027135
2016-04-27,94903095.1928178
2016-04-28,94968609.73865236
2016-04-29,93989302.68227436
2016-05-02,91934720.41008912
2016-05-03,92665406.65344585
2016-05-04,90961412.39466736
2016-05-09,92009368.37487969
2016-05-10,90050675.18472247
2016-05-11,91084980.58369778
2016-05-12,91055349.08507194
2016-05-13,91609934.3594723
2016-05-16,89511966.61639243
2016-05-17,89813663.05292168
2016-05-18,89491117.08878262
2016-05-19,92721724.11043233
2016-05-20,90713577.27264233
2016-05-23,89887738.79479408
2016-05-24,90698869.59316477
2016-05-25,90913002.80561379
2016-05-26,92341635.90854952
2016-05-27,92607125.573676
2016-05-30,91373801.25764883
2016-05-31,92107820.6777026
2016-06-01,91995850.46924902
2016-06-02,90325577.42542368
2016-06-03,92178036.78685895
2016-06-07,93024045.90486982
2016-06-08,93549166.84437062
2016-06-09,94258478.58643734
2016-06-10,93045511.04183963
2016-06-13,91592086.27141997
2016-06-14,92253131.4842696
2016-06-15,93384902.43424967
2016-06-16,93456512.93779735
2016-06-17,91334704.33038664
2016-06-20,91402777.26495174
2016-06-21,89854787.61486782
2016-06-22,90892935.7063708
2016-06-23,89670338.34082797
2016-06-24,88899005.48739506
2016-06-27,87794770.64963864
2016-06-28,90433105.25715867
2016-06-29,89608584.54034634
2016-06-30,87461366.595896
2016-07-01,88121334.33275755
2016-07-04,88275654.94807814
2016-07-05,89827091.93384902
2016-07-06,89313310.82720321
2016-07-07,91101132.67967029
2016-07-08,90299152.69593741
2016-07-11,93930625.45989168
2016-07-12,89523827.62374666
2016-07-13,90334506.18263556
2016-07-14,89270525.88171706
2016-07-15,89270525.88171706
2016-07-18,92877698.99300371
2016-07-19,89185120.74518347
2016-07-20,90117288.58883965
2016-07-21,91703292.21991931
2016-07-22,91691507.72435325
2016-07-25,92624397.25097412
2016-07-26,98337423.29603669
2016-07-27,92430748.6483103
2016-07-28,91922692.81975093
2016-07-29,95530596.59257309
2016-08-01,97976599.77084157
2016-08-02,98932336.60562986
2016-08-03,98677582.51910007
2016-08-04,98157011.53343913
2016-08-05,97189490.2030848
2016-08-08,96026867.92556643
2016-08-09,97503897.42898035
2016-08-10,94767056.0159484
2016-08-11,95625603.21863705
2016-08-12,83533256.9208266
2016-08-16,82885412.93186682
2016-08-17,84763423.73999387
2016-08-18,85702920.59755233
2016-08-19,85912986.5660904
2016-08-22,86868647.93356885
2016-08-23,87288633.94964595
2016-08-24,87682082.02736959
2016-08-25,87117922.35266437
2016-08-26,87337661.23148796
2016-08-29,85355643.17844874
2016-08-30,85490095.72601357
2016-08-31,84953661.192669
2016-09-01,82637900.85767756
2016-09-02,82631548.80754127
2016-09-05,85045705.84882504
2016-09-06,85267166.93979543
2016-09-07,82944268.36463314
2016-09-08,82915430.9893038
2016-09-09,83397997.10038057
2016-09-12,81487526.18103407
2016-09-13,81610004.69080272
2016-09-19,83915358.37929195
2016-09-20,82936003.88251805
2016-09-21,86024070.26341665
2016-09-22,87213430.56163277
2016-09-23,89697895.58002402
2016-09-26,91802288.93270493
2016-09-27,93082296.493566
2016-09-28,89697544.76598307
2016-09-29,95426705.67389677
2016-09-30,91821332.58340222
2016-10-04,97362774.34813744
2016-10-05,97346819.77735958
2016-10-06,94039099.01092431
2016-10-07,91405391.10596848
2016-10-10,90445762.2960855
2016-10-11,91663594.79037254
2016-10-12,91157246.93075961
2016-10-13,91151390.88318959
2016-10-14,94575468.11531954
2016-10-17,92575179.07291703
2016-10-18,93876239.85853428
2016-10-19,93144361.3719603
2016-10-20,89234885.27700323
2016-10-21,89237492.11050862
2016-10-24,87460483.43453467
2016-10-25,87134097.91183311
2016-10-26,85120038.20927209
2016-10-27,86450660.66732824
2016-10-28,84741305.89789352
2016-10-31,83697174.26300682
2016-11-01,83540730.03452198
2016-11-02,82126543.1097041
2016-11-03,81867550.30394872
2016-11-04,82730859.65646671
2016-11-07,82385535.91545951
2016-11-08,82299204.98020771
2016-11-09,82471866.8507113
2016-11-10,84041640.19015065
2016-11-11,85574836.63094461
2016-11-14,86145385.17890589
2016-11-15,86700940.73446146
2016-11-16,87415226.44874716
2016-11-17,85589829.62335032
2016-11-18,85431099.46462017
2016-11-21,83367607.40112811
2016-11-22,85589829.62335032
2016-11-23,85748559.7820805
2016-11-24,85431099.46462017
2016-11-25,84716813.75033447
2016-11-28,84002528.03604876
2016-11-29,84478718.51223923
2016-11-30,83685067.71858844
2016-12-01,84478718.51223923
2016-12-02,84399353.43287414
2016-12-05,85986655.02017574
2016-12-06,91066020.09954081
2016-12-07,91939035.97255668
2016-12-08,92891416.92493765
2016-12-09,91700940.73446144
2016-12-12,91872471.71244405
2016-12-13,89563203.91930528
2016-12-14,90095718.00020646
2016-12-15,90154601.76876764
2016-12-16,88352246.4180252
2016-12-19,87771089.22396478
2016-12-20,87850454.30332986
2016-12-21,88009184.46206002
2016-12-22,87929819.38269493
2016-12-23,86659978.11285366
2016-12-26,86659978.11285366
2016-12-27,86659978.11285366
2016-12-28,86659978.11285366
2016-12-29,86659978.11285366
2017-01-02,86659978.11285366
2017-01-03,86659978.11285366
2017-01-04,86659978.11285366
2017-01-05,85872802.30156733
2017-01-06,84644751.73174953
2017-01-09,84696767.83712126
2017-01-10,84722441.7176006
2017-01-11,85466484.07313572
2017-01-12,85790938.8891713
2017-01-13,85223980.09622103
2017-01-16,83478908.33718374
2017-01-17,82700189.06801417
2017-01-18,83121420.86989324
2017-01-19,84102573.67783712
2017-01-20,85122300.5986306
2017-01-23,84325207.58530304
2017-01-24,85515505.96206506
2017-01-25,89686651.10998183
2017-01-26,88154487.35352403
2017-01-31,93719450.90331209
2017-02-01,92473426.07907265
2017-02-02,89174231.4795265
2017-02-03,83531082.60829094
2017-02-06,82658066.73527506
2017-02-07,83285976.13547562
2017-02-08,83658591.44043022
2017-02-09,85005985.3850449
2017-02-10,83993870.63795242
2017-02-13,83700620.35972443
2017-02-14,84334038.37683953
2017-02-15,84880108.80632854
2017-02-16,84253810.61746754
2017-02-17,84719089.2593909
2017-02-20,85625663.00866312
2017-02-21,87127017.90479796
2017-02-22,87119373.20437065
2017-02-23,88140120.61028364
2017-02-24,87424296.98534408
2017-02-27,88366217.93997833
2017-02-28,88391648.4323713
2017-03-02,88111356.16527165
2017-03-03,87247819.67027542
2017-03-06,86561595.08600077
2017-03-07,85741164.67926049
2017-03-08,86313354.73532152
2017-03-09,85668563.32766595
2017-03-10,85208200.99482854
2017-03-13,87600165.11877897
2017-03-14,86449226.05588308
2017-03-15,87406657.32062781
2017-03-16,87718601.41688314
2017-03-17,89583989.34540054
2017-03-20,88189501.97134706
2017-03-21,91450503.7052038
2017-03-22,90701177.62147291
2017-03-23,90478829.2203593
2017-03-24,90460911.96085641
2017-03-27,90523664.42426315
2017-03-28,90662498.3587377
2017-03-29,90596053.70083688
2017-03-30,89747243.01331651
2017-03-31,89190577.41393173
2017-04-03,89476285.23739058
2017-04-04,88954616.94152872
2017-04-05,89040121.239282
2017-04-06,87457288.94938931
2017-04-07,86630690.89955182
2017-04-10,85483808.75196546
2017-04-11,85983181.22741908
2017-04-12,85741176.67150995
2017-04-13,84826019.85633925
2017-04-14,83039530.65800035
2017-04-17,83660003.85786234
2017-04-18,83313746.1487363
2017-04-19,83237471.77990334
2017-04-20,84687440.7117998
2017-04-21,85003267.14091732
2017-04-24,85753819.46394151
2017-04-25,86164352.48098212
2017-04-26,85562295.22796029
2017-04-27,84354071.28924665
2017-04-28,85204876.05314451
2017-05-02,85482896.93007717
2017-05-04,86275966.70164852
2017-05-08,85959844.7884793
2017-05-10,86684373.28181416
2017-05-11,87374593.69616093
2017-05-12,88337494.24426842
2017-05-15,91579827.12527114
2017-05-16,90588152.81632671
2017-05-17,89747787.60396159
2017-05-18,88589118.40633431
2017-05-19,88816825.6282584
2017-05-22,89521362.00764333
2017-05-23,89812214.43380806
2017-05-24,91496607.55519488
2017-05-25,91140408.38023864
2017-05-26,91535992.65385213
2017-05-29,91384420.21004945
2017-05-30,91892855.42012694
2017-05-31,92168683.73238638
2017-06-01,93184636.57736655
2017-06-02,95157740.3498841
2017-06-05,95682111.13633531
2017-06-07,99147892.31838796
2017-06-08,99567634.61258954
2017-06-09,95692355.5191209
2017-06-12,94334409.95837206
2017-06-13,95563946.07269791
2017-06-14,95565154.50210512
2017-06-15,96522979.60824296
2017-06-16,101512381.9094157
2017-06-19,100944004.11449695
2017-06-20,98423138.75596061
2017-06-21,98399386.14133748
2017-06-22,101276904.03786603
2017-06-23,102588459.3363707
2017-06-26,102148490.98787493
2017-06-27,109096319.00632104
2017-06-28,107650416.10773757
2017-06-29,109223613.48574194
2017-06-30,109832443.38924909
2017-07-03,106812228.14565918
2017-07-04,103662306.82932149
2017-07-05,103206433.08506423
2017-07-06,101602271.49598306
2017-07-07,100589902.49768913
2017-07-10,96061889.45844956
2017-07-11,96798210.97104496
2017-07-12,97405582.84109436
2017-07-13,96861185.18968654
2017-07-14,99182203.35394463
2017-07-17,107903649.98020265
2017-07-18,104152421.33579493
2017-07-19,104066576.18349263
2017-07-20,103346198.73215953
2017-07-21,105075061.64247142
2017-07-24,112254081.27806354
2017-07-25,112236012.74175847
2017-07-26,106512741.62467241
2017-07-27,106751316.40449679
2017-07-28,104128114.03587948
2017-07-31,105536278.41735327
2017-08-01,103944791.3955569
2017-08-02,106141848.26164082
2017-08-03,106016764.31464791
2017-08-04,105794834.63543203
2017-08-07,102160332.38650647
2017-08-08,101529015.37853979
2017-08-09,99574388.71458589
2017-08-10,99296428.11604157
2017-08-11,97915599.86022638
2017-08-14,97499141.92845397
2017-08-16,97855385.22205444
2017-08-17,98281587.15600562
2017-08-18,99692044.65480995
2017-08-21,99288401.4726631
2017-08-22,99135006.1014696
2017-08-23,98298676.1283145
2017-08-24,101256638.7035729
2017-08-25,101945398.33545777
2017-08-28,102338257.47580723
2017-08-29,103864472.69551891
2017-08-30,103755933.18549034
2017-08-31,106737812.22284156
2017-09-01,106573685.90891053
2017-09-04,104214252.97969934
2017-09-05,99499977.99284044
2017-09-06,99351454.37441695
2017-09-07,99079515.84115842
2017-09-08,99619508.07148606
2017-09-11,108265211.0110121
2017-09-12,110065832.5848024
2017-09-13,111145817.04545765
2017-09-14,111685809.27578527
2017-09-15,112349591.27172777
2017-09-18,113323930.84957558
2017-09-19,115673342.18898077
2017-09-20,104897458.5686012
2017-09-21,103838143.32653911
2017-09-22,97943461.42307098
2017-09-25,97943461.42307098
2017-09-26,98294485.82695882
2017-09-27,98223861.3951009
2017-09-28,98084011.03498623
2017-09-29,98715435.410904
2017-10-10,99652079.08452617
2017-10-11,102537720.36292371
2017-10-12,105471929.36816806
2017-10-13,103198338.32463811
2017-10-16,103519712.2186814
2017-10-17,102277628.52696113
2017-10-18,99860706.03338574
2017-10-19,99161522.85464902
2017-10-20,102665174.92592986
2017-10-23,103493763.51916136
2017-10-24,110428291.55626917
2017-10-25,108629933.40363419
2017-10-26,99557149.23803216
2017-10-27,98978636.84133795
2017-10-30,99816829.56693262
2017-10-31,99136794.32759881
2017-11-01,98891084.49600373
2017-11-02,97310921.53396139
2017-11-03,99023626.40572698
2017-11-06,98477379.70435923
2017-11-07,99859421.07897246
2017-11-08,102282451.68770002
2017-11-09,102673631.58163996
2017-11-10,104754238.10983849
2017-11-13,106856643.85348989
2017-11-14,110105088.91902408
2017-11-15,113560363.38971211
2017-11-16,113336547.5667837
2017-11-17,111097449.02389878
2017-11-20,114246451.38163963
2017-11-21,112875389.33556521
2017-11-22,111000895.64418332
2017-11-23,113113110.47283411
2017-11-24,110258099.22594957
2017-11-27,110343420.47793107
2017-11-28,106313594.37596813
2017-11-29,106945991.31687592
2017-11-30,104853504.1562384
2017-12-01,108826479.85863341
2017-12-04,109394920.10983732
2017-12-05,104627224.48431413
2017-12-06,103658113.95212209
2017-12-07,102853823.48701775
2017-12-08,92191593.6981354
2017-12-11,92733260.36480206
2017-12-12,92079219.21496943
2017-12-13,93913002.01643667
2017-12-14,93375924.32798475
2017-12-15,95422476.75957656
2017-12-18,95247534.14355561
2017-12-19,94367718.2681161
2017-12-20,94879251.31261536
2017-12-21,91362696.28938866
2017-12-22,94671567.55830164
2017-12-26,93330378.0587826
2017-12-27,98401358.74611071
2017-12-28,97832326.06675702
2018-01-02,101714485.6301116
2018-01-03,100304800.72804037
2018-01-04,95876628.0401946
2018-01-05,99003014.18192132
2018-01-08,99520443.0991337
2018-01-09,100317204.07763503
2018-01-10,104016564.19626078
2018-01-11,104911121.40840378
2018-01-12,105385072.14569722
2018-01-15,102145338.77622172
2018-01-16,108024491.26001126
2018-01-17,104062736.22988595
2018-01-18,102407429.9154064
2018-01-19,98413523.06748424
2018-01-22,100861042.90946175
2018-01-23,102664086.76186949
2018-01-24,101391256.08548163
2018-01-25,100163233.7510043
2018-01-26,101501923.7676606
2018-01-29,105071000.71936053
2018-01-30,113533415.40683042
2018-01-31,110520707.41559902
2018-02-01,103830601.94096315
2018-02-02,101431701.4395143
2018-02-05,96963036.58937806
2018-02-06,96963036.58937806
2018-02-07,96963036.58937806
2018-02-08,96963036.58937806
2018-02-09,96963036.58937806
2018-02-12,96963036.58937806
2018-02-13,96963036.58937806
2018-02-14,96963036.58937806
2018-02-19,96963036.58937806
2018-02-20,96963036.58937806
2018-02-21,96963036.58937806
2018-02-22,96963036.58937806
2018-02-23,96963036.58937806
2018-02-26,96963036.58937806
2018-02-27,96963036.58937806
2018-02-28,96963036.58937806
2018-03-02,96963036.58937806
2018-03-05,96963036.58937806
2018-03-06,96963036.58937806
2018-03-07,96963036.58937806
2018-03-08,96963036.58937806
2018-03-09,96963036.58937806
2018-03-12,96963036.58937806
2018-03-13,96924880.78651637
2018-03-14,98302228.30032639
2018-03-15,98295568.99622957
2018-03-16,102246304.72209026
2018-03-19,93497135.09618777
2018-03-20,94179085.59464796
2018-03-21,97266994.58517818
2018-03-22,93939921.5052829
2018-03-23,85437029.69764999
2018-03-26,86511409.86293924
2018-03-27,88467980.92111458
2018-03-28,88473488.71510957
2018-03-29,90000383.0447681
2018-03-30,91109470.02013823
2018-04-02,90689424.538926
2018-04-03,94857816.17626818
2018-04-04,98290335.32344268
2018-04-05,102461055.67119677
2018-04-06,114141867.09740253
2018-04-09,116829198.91276166
2018-04-10,115068693.84134787
2018-04-11,116088669.00177015
2018-04-12,109694030.2106296
2018-04-13,110248263.28866726
2018-04-16,113678453.72542985
2018-04-17,117201792.57866934
2018-04-18,113124220.64739217
2018-04-19,110064295.16612534
2018-04-20,117942322.48966084
2018-04-23,125266116.73515868
2018-04-24,125175297.02909368
2018-04-25,118592032.69458736
2018-04-26,120818279.84838575
2018-04-27,133237292.4751711
2018-04-30,136851451.0344756
2018-05-02,137410341.53333712
2018-05-03,140838203.25968778
2018-05-04,137780606.48883286
2018-05-08,118498884.27811046
2018-05-09,118498884.27811046
2018-05-10,118380715.88815477
2018-05-11,118879958.35792473
2018-05-14,123297674.10841772
2018-05-15,124634262.58173068
2018-05-16,112364028.64206973
2018-05-17,111796015.80933619
2018-05-18,114090465.77594414
2018-05-21,112386329.4746925
2018-05-23,112681431.76613642
2018-05-24,111164964.50741486
2018-05-25,106476002.46829566
2018-05-28,108390338.9164724
2018-05-29,107409894.91232392
2018-05-30,108311633.89700995
2018-05-31,110258637.67127335
2018-06-01,112243155.2615817
2018-06-04,115014582.51038468
2018-06-05,115633661.34218067
2018-06-07,116038309.950975
2018-06-08,114384666.13723755
2018-06-11,116424544.80880658
2018-06-12,118985308.78232644
2018-06-14,120133730.66250528
2018-06-15,119731620.42198628
2018-06-18,116108988.01223555
2018-06-19,108860443.82697257
2018-06-20,110702455.97791228
2018-06-21,112256692.35136074
2018-06-22,112936670.76474446
2018-06-25,116142283.2849819
2018-06-26,111673853.71131757
2018-06-27,113519509.40478763
2018-06-28,111382434.39129597
2018-06-29,110605316.20457175
2018-07-02,111188154.84461492
2018-07-03,114393767.36485237
2018-07-04,112159552.57802022
2018-07-05,112645251.44472286
2018-07-06,112742391.21806338
2018-07-09,112256692.35136074
2018-07-10,111965273.03133915
2018-07-11,108759660.5111017
2018-07-12,108759660.5111017
2018-07-13,108759660.5111017
2018-07-16,108759660.5111017
2018-07-17,108759660.5111017
2018-07-18,108759660.5111017
2018-07-19,108759660.5111017
2018-07-20,108759660.5111017
2018-07-23,108759660.5111017
2018-07-24,108759660.5111017
2018-07-25,108759660.5111017
2018-07-26,108759660.5111017
2018-07-27,108759660.5111017
2018-07-30,108759660.5111017
2018-07-31,108759660.5111017
2018-08-01,108759660.5111017
2018-08-02,108759660.5111017
2018-08-03,108759660.5111017
2018-08-06,108759660.5111017
2018-08-07,108759660.5111017
2018-08-08,108759660.5111017
2018-08-09,108759660.5111017
2018-08-10,108759660.5111017
2018-08-13,108759660.5111017
2018-08-14,108759660.5111017
2018-08-16,108759660.5111017
2018-08-17,108759660.5111017
2018-08-20,108759660.5111017
2018-08-21,108759660.5111017
2018-08-22,108759660.5111017
2018-08-23,108759660.5111017
2018-08-24,108759660.5111017
2018-08-27,108759660.5111017
2018-08-28,108759660.5111017
2018-08-29,108759660.5111017
2018-08-30,108759660.5111017
2018-08-31,108759660.5111017
2018-09-03,108759660.5111017
2018-09-04,108759660.5111017
2018-09-05,108759660.5111017
2018-09-06,108759660.5111017
2018-09-07,108759660.5111017
2018-09-10,108759660.5111017
2018-09-11,108759660.5111017
2018-09-12,108759660.5111017
2018-09-13,108759660.5111017
2018-09-14,108759660.5111017
2018-09-17,108759660.5111017
2018-09-18,108759660.5111017
2018-09-19,108759660.5111017
2018-09-20,108759660.5111017
2018-09-21,108759660.5111017
2018-09-27,108659284.09955841
2018-09-28,106316880.42740144
2018-10-01,105559744.40521789
2018-10-02,104450142.93301554
2018-10-04,104504236.75435035
2018-10-05,102523901.25295942
2018-10-08,101055416.23067656
2018-10-10,97933653.63577762
2018-10-11,95575035.72499871
2018-10-12,96056109.75073057
2018-10-15,97447122.24373822
2018-10-16,97607480.2523155
2018-10-17,97152511.01867762
2018-10-18,96637873.68882492
2018-10-19,96443952.37612681
2018-10-22,96443952.37612681
2018-10-23,95444511.76452883
2018-10-24,95444511.76452883
2018-10-25,95444511.76452883
2018-10-26,95444511.76452883
2018-10-29,95444511.76452883
2018-10-30,95444511.76452883
2018-10-31,95444511.76452883
2018-11-01,95444511.76452883
2018-11-02,95444511.76452883
2018-11-05,95444511.76452883
2018-11-06,95444511.76452883
2018-11-07,95444511.76452883
2018-11-08,95444511.76452883
2018-11-09,95444511.76452883
2018-11-12,95444511.76452883
2018-11-13,95444511.76452883
2018-11-14,95444511.76452883
2018-11-15,95444511.76452883
2018-11-16,95444511.76452883
2018-11-19,95444511.76452883
2018-11-20,95444511.76452883
2018-11-21,95444511.76452883
2018-11-22,95444511.76452883
2018-11-23,95444511.76452883
2018-11-26,95444511.76452883
2018-11-27,95444511.76452883
2018-11-28,95444511.76452883
2018-11-29,95444511.76452883
2018-11-30,95444511.76452883
2018-12-03,95444511.76452883
2018-12-04,95444511.76452883
2018-12-05,95444511.76452883
2018-12-06,95444511.76452883
2018-12-07,95444511.76452883
2018-12-10,95444511.76452883
2018-12-11,95444511.76452883
2018-12-12,95444511.76452883
2018-12-13,95444511.76452883
2018-12-14,95444511.76452883
2018-12-17,95444511.76452883
2018-12-18,95444511.76452883
2018-12-19,95444511.76452883
2018-12-20,95444511.76452883
2018-12-21,95444511.76452883
2018-12-24,95444511.76452883
2018-12-26,95444511.76452883
2018-12-27,95444511.76452883
2018-12-28,95444511.76452883
2019-01-02,95444511.76452883
2019-01-03,95444511.76452883
2019-01-04,95444511.76452883
2019-01-07,95444511.76452883
2019-01-08,95444511.76452883
2019-01-09,95444511.76452883
2019-01-10,95444511.76452883
2019-01-11,95444511.76452883
2019-01-14,95444511.76452883
2019-01-15,95444511.76452883
2019-01-16,95444511.76452883
2019-01-17,95444511.76452883
2019-01-18,95444511.76452883
2019-01-21,95252940.88330278
2019-01-22,95080530.85292041
2019-01-23,96038990.9379443
2019-01-24,96747901.44487607
2019-01-25,95311924.7988463
2019-01-28,94135604.5143975
2019-01-29,94358822.98327938
2019-01-30,96003442.90653709
2019-01-31,91254821.87132534
2019-02-01,90978243.78189978
2019-02-07,90709787.52711906
2019-02-08,91276054.28691572
2019-02-11,90744914.76744094
2019-02-12,90406563.65571707
2019-02-13,90908859.40507744
2019-02-14,90514921.38228719
2019-02-15,90210719.98015799
2019-02-18,89956984.70418115
2019-02-19,88802811.14116362
2019-02-20,90253784.34200975
2019-02-21,89692511.92013508
2019-02-22,88916586.39388454
2019-02-25,88988633.28640707
2019-02-26,88027295.46278471
2019-02-27,89376529.27560586
2019-02-28,87436455.0425703
2019-03-04,89460765.42708799
2019-03-05,91476674.13516253
2019-03-06,95112851.07766782
2019-03-07,93189947.08258736
2019-03-08,92215654.36764865
2019-03-11,92038139.74496956
2019-03-12,92363453.59162661
2019-03-13,91769693.99594994
2019-03-14,96414291.03358719
2019-03-15,94730285.06625305
2019-03-18,94896123.5697817
2019-03-19,95242162.97332135
2019-03-20,95598605.5854444
2019-03-21,95555668.5792552
2019-03-22,96432668.70040272
2019-03-25,97482107.91851497
2019-03-26,98759366.32654922
2019-03-27,97182952.40783024
2019-03-28,97544787.23699348
2019-03-29,94747007.1691181
2019-04-01,93017454.44073154
2019-04-02,92791064.6851879
2019-04-03,92612409.30201912
2019-04-04,104368076.14113736
2019-04-05,113460483.60993552
2019-04-08,110285236.7860691
2019-04-09,107766157.9412053
2019-04-10,109576149.52963029
2019-04-11,107975189.83855903
2019-04-12,102831529.25537986
2019-04-15,101754759.64597356
2019-04-16,102046157.13649923
2019-04-17,102134332.46999338
2019-04-18,100123639.85927416
2019-04-19,100030922.22377208
2019-04-22,99990022.51156868
2019-04-23,101165313.1524588
2019-04-24,100342962.3162485
2019-04-25,99617635.51147059
2019-04-26,96380842.99960949
2019-04-29,95928434.85433736
2019-04-30,96970397.08023545
2019-05-02,96480045.9433748
2019-05-03,95827689.06315497
2019-05-07,95331319.69985521
2019-05-08,93970968.2104592
2019-05-09,93970968.2104592
2019-05-10,93970968.2104592
2019-05-13,93970968.2104592
2019-05-14,93970968.2104592
2019-05-15,93970968.2104592
2019-05-16,93970968.2104592
2019-05-17,93970968.2104592
2019-05-20,93970968.2104592
2019-05-21,93970968.2104592
2019-05-22,93970968.2104592
2019-05-23,93970968.2104592
2019-05-24,93970968.2104592
2019-05-27,93970968.2104592
2019-05-28,93970968.2104592
2019-05-29,93970968.2104592
2019-05-30,93970968.2104592
2019-05-31,93970968.2104592
2019-06-03,93970968.2104592
2019-06-04,93970968.2104592
2019-06-05,93970968.2104592
2019-06-07,93970968.2104592
2019-06-10,93970968.2104592
2019-06-11,93970968.2104592
2019-06-12,93970968.2104592
2019-06-13,93970968.2104592
2019-06-14,93970968.2104592
2019-06-17,93970968.2104592
2019-06-18,93970968.2104592
2019-06-19,93970968.2104592
2019-06-20,93970968.2104592
2019-06-21,93970968.2104592
2019-06-24,93970968.2104592
2019-06-25,93970968.2104592
2019-06-26,93970968.2104592
2019-06-27,93970968.2104592
2019-06-28,93970968.2104592
2019-07-01,93970968.2104592
2019-07-02,93970968.2104592
2019-07-03,93970968.2104592
2019-07-04,93970968.2104592
2019-07-05,93970968.2104592
2019-07-08,93970968.2104592
2019-07-09,93970968.2104592
2019-07-10,93970968.2104592
2019-07-11,93970968.2104592
2019-07-12,93970968.2104592
2019-07-15,93970968.2104592
2019-07-16,93970968.2104592
2019-07-17,93970968.2104592
2019-07-18,93970968.2104592
2019-07-19,93970968.2104592
2019-07-22,93970968.2104592
2019-07-23,93970968.2104592
2019-07-24,93970968.2104592
2019-07-25,93970968.2104592
2019-07-26,93970968.2104592
2019-07-29,93970968.2104592
2019-07-30,93970968.2104592
2019-07-31,93970968.2104592
2019-08-01,93970968.2104592
2019-08-02,93970968.2104592
2019-08-05,93970968.2104592
2019-08-06,93970968.2104592
2019-08-07,93970968.2104592
2019-08-08,93970968.2104592
2019-08-09,93970968.2104592
2019-08-12,93970968.2104592
2019-08-13,93970968.2104592
2019-08-14,93970968.2104592
2019-08-16,93970968.2104592
2019-08-19,93970968.2104592
2019-08-20,93970968.2104592
2019-08-21,93970968.2104592
2019-08-22,93970968.2104592
2019-08-23,93970968.2104592
2019-08-26,93970968.2104592
2019-08-27,93970968.2104592
2019-08-28,93970968.2104592
2019-08-29,93970968.2104592
2019-08-30,93970968.2104592
2019-09-02,93970968.2104592
2019-09-03,93970968.2104592
2019-09-04,93970968.2104592
2019-09-05,93970968.2104592
2019-09-06,93970968.2104592
2019-09-09,93970968.2104592
2019-09-10,93970968.2104592
2019-09-11,93970968.2104592
2019-09-16,93970968.2104592
2019-09-17,93970968.2104592
2019-09-18,93970968.2104592
2019-09-19,93970968.2104592
2019-09-20,93970968.2104592
2019-09-23,93970968.2104592
2019-09-24,93970968.2104592
2019-09-25,93970968.2104592
2019-09-26,93970968.2104592
2019-09-27,93970968.2104592
2019-09-30,93970968.2104592
2019-10-01,93970968.2104592
2019-10-02,93970968.2104592
2019-10-04,93970968.2104592
2019-10-07,93970968.2104592
2019-10-08,93970968.2104592
2019-10-10,93970968.2104592
2019-10-11,93970968.2104592
2019-10-14,93970968.2104592
2019-10-15,93970968.2104592
2019-10-16,93970968.2104592
2019-10-17,93923825.26913252
2019-10-18,93794357.35774338
2019-10-21,99449603.13197963
2019-10-22,102329652.60214406
2019-10-23,102471209.7305566
2019-10-24,103734431.62246346
2019-10-25,92856276.5537824
2019-10-28,92023186.5294515
2019-10-29,91719314.49670196
2019-10-30,92159295.59360652
2019-10-31,95905034.03563248
2019-11-01,96316954.2111448
2019-11-04,98626637.08217931
2019-11-05,100778408.77870803
2019-11-06,94007024.47759226
2019-11-07,95139855.56403159
2019-11-08,93368359.01933917
2019-11-11,88258355.62067598
2019-11-12,89477708.06208238
2019-11-13,86607795.73223771
2019-11-14,83890356.1646668
2019-11-15,82266144.59810969
2019-11-18,85228285.29802452
2019-11-19,83664631.28421693
2019-11-20,78026269.26739462
2019-11-21,77576831.06514743
2019-11-22,76793812.01014857
2019-11-25,78755883.23914826
2019-11-26,79921098.12878658
2019-11-27,80882321.13803
2019-11-28,80459253.6146992
2019-11-29,77813866.90762521
2019-12-02,79931215.38374963
2019-12-03,79381278.10742332
2019-12-04,81224203.19932643
2019-12-05,78141670.75142184
2019-12-06,85920802.26188128
2019-12-09,85149580.56724022
2019-12-10,80180390.52905796
2019-12-11,80610916.29640408
2019-12-12,79499282.42657214
2019-12-13,79615626.22847044
2019-12-16,79002116.12208027
2019-12-17,83098572.1760784
2019-12-18,82914209.52151552
2019-12-19,82348772.50015824
2019-12-20,83486432.76228797
2019-12-23,82147322.5550415
2019-12-24,82573605.16602486
2019-12-26,86016686.41747165
2019-12-27,87985947.36089814
2019-12-30,89188518.05093846
2020-01-02,90560578.54105362
2020-01-03,88926405.12157717
2020-01-06,86819187.88529566
2020-01-07,86358424.74634677
2020-01-08,83712083.82327378
2020-01-09,84144027.83816755
2020-01-10,83247659.7142629
2020-01-13,84141480.85543245
2020-01-14,88971457.6293756
2020-01-15,86650986.5588545
2020-01-16,87389150.66944207
2020-01-17,86064404.30647278
2020-01-20,86475584.34783092
2020-01-21,85538707.06994903
2020-01-22,90656177.55223842
2020-01-23,90874126.50342731
2020-01-28,90362061.68878095
2020-01-29,89368883.96396424
2020-01-30,87428464.33066443
2020-01-31,85262969.19614811
2020-02-03,86574610.38211572
2020-02-04,88196581.95841569
2020-02-05,86026829.16543067
2020-02-06,88769376.68948315
2020-02-07,95757796.15538692
2020-02-10,96181773.66280884
2020-02-11,92425853.76816526
2020-02-12,95650206.2099978
2020-02-13,92798299.83406775
2020-02-14,93546992.35850376
2020-02-17,95482521.90046537
2020-02-18,99139832.52854691
2020-02-19,100693231.64735122
2020-02-20,102665378.60160822
2020-02-21,99540290.73401828
2020-02-24,95501670.9423289
2020-02-25,98140915.72475818
2020-02-26,96882597.52839729
2020-02-27,93933997.24402592
2020-02-28,92042073.06189248
2020-03-02,92797006.25465943
2020-03-03,93485934.35953417
2020-03-04,98572451.4452262
2020-03-05,102974165.74403673
2020-03-06,101596242.8387039
2020-03-09,97859184.6834573
2020-03-10,92316176.87023318
2020-03-11,90775520.66481236
2020-03-12,90775520.66481236
2020-03-13,90775520.66481236
2020-03-16,90775520.66481236
2020-03-17,90775520.66481236
2020-03-18,90775520.66481236
2020-03-19,90775520.66481236
2020-03-20,90775520.66481236
2020-03-23,90775520.66481236
2020-03-24,90775520.66481236
2020-03-25,90775520.66481236
2020-03-26,90775520.66481236
2020-03-27,90775520.66481236
2020-03-30,90775520.66481236
2020-03-31,90775520.66481236
2020-04-01,90775520.66481236
2020-04-02,90775520.66481236
2020-04-03,90775520.66481236
2020-04-06,90775520.66481236
2020-04-07,90775520.66481236
2020-04-08,90775520.66481236
2020-04-09,90775520.66481236
2020-04-10,90775520.66481236
2020-04-13,90775520.66481236
2020-04-14,90775520.66481236
2020-04-16,90775520.66481236
2020-04-17,90775520.66481236
2020-04-20,90775520.66481236
2020-04-21,90775520.66481236
2020-04-22,90775520.66481236
2020-04-23,90775520.66481236
2020-04-24,90775520.66481236
2020-04-27,90775520.66481236
2020-04-28,90775520.66481236
2020-04-29,90775520.66481236
2020-05-04,90775520.66481236
2020-05-06,90775520.66481236
2020-05-07,90775520.66481236
2020-05-08,90775520.66481236
2020-05-11,90775520.66481236
2020-05-12,90775520.66481236
2020-05-13,90775520.66481236
2020-05-14,90775520.66481236
2020-05-15,90775520.66481236
2020-05-18,90775520.66481236
2020-05-19,90775520.66481236
2020-05-20,90775520.66481236
2020-05-21,90775520.66481236
2020-05-22,90775520.66481236
2020-05-25,90775520.66481236
2020-05-26,90775520.66481236
2020-05-27,90775520.66481236
2020-05-28,90775520.66481236
2020-05-29,92089069.91101961
2020-06-01,95266532.42845239
2020-06-02,95383276.46054393
2020-06-03,83704275.53230566
2020-06-04,82469998.08743672
2020-06-05,82405571.7599396
2020-06-08,82656544.62338738
2020-06-09,91166707.32543299
2020-06-10,104666745.69602442
2020-06-11,101524342.13493441
2020-06-12,97871486.95069845
2020-06-15,93176893.2644028
2020-06-16,110905180.35063995
2020-06-17,108237420.16452253
2020-06-18,102532186.8918265
2020-06-19,100465657.47498514
2020-06-22,104197226.62333372
2020-06-23,103592704.84789439
2020-06-24,100733481.94496056
2020-06-25,100029459.4158789
2020-06-26,98385954.77279972
2020-06-29,98868895.31708166
2020-06-30,93412985.43047231
2020-07-01,90141875.22257048
2020-07-02,90475343.82294655
2020-07-03,92308145.63878322
2020-07-06,94254530.6014675
2020-07-07,99127189.55439918
2020-07-08,100352108.77469073
2020-07-09,104142139.25939912
2020-07-10,102719696.48034622
2020-07-13,101165051.8165255
2020-07-14,99994820.76422162
2020-07-15,99710474.43357222
2020-07-16,99560856.99415721
2020-07-17,98190998.12000154
2020-07-20,98059237.71886635
2020-07-21,97668423.891435
2020-07-22,98441104.07774661
2020-07-23,97654926.5563162
2020-07-24,95892092.16668996
2020-07-27,101983511.7851233
2020-07-28,105116401.7054168
2020-07-29,106243886.66671163
2020-07-30,108039260.23794013
2020-07-31,112539319.51155551
2020-08-03,111623948.50863889
2020-08-04,109341096.74465922
2020-08-05,108957490.7600956
2020-08-06,113233874.38254708
2020-08-07,111498638.77394332
2020-08-10,115242618.61519909
2020-08-11,115568638.21932739
2020-08-12,119912276.65265375
2020-08-13,116441695.42599632
2020-08-14,116127986.28694636
2020-08-18,110865491.70556456
2020-08-19,119684741.23871133
2020-08-20,115555187.58957544
2020-08-21,116726790.40892062
2020-08-24,111389310.71547437
2020-08-25,110281225.00755642
2020-08-26,110416511.36420262
2020-08-27,114491898.59050272
2020-08-28,115637707.75401214
2020-08-31,124674158.93433213
2020-09-01,121148225.31401125
2020-09-02,122944499.88513678
2020-09-03,124350697.17439932
2020-09-04,129110115.5003592
2020-09-07,129419029.42085487
2020-09-08,126951818.38316737
2020-09-09,125775085.86223151
2020-09-10,126200192.80971918
2020-09-11,125906867.46504965
2020-09-14,136194134.34104064
2020-09-15,136796602.56555396
2020-09-16,133583799.9194196
2020-09-17,133871781.14274523
2020-09-18,135460829.52126727
2020-09-21,134454981.56805092
2020-09-22,130960563.705212
2020-09-23,121931855.5712407
2020-09-24,121669129.79127353
2020-09-25,121636289.06877764
2020-09-28,120614049.05299552
2020-09-29,121945099.07924049
2020-10-05,123990767.01888762
2020-10-06,121713276.0637399
2020-10-07,121755735.44091502
2020-10-08,122219761.30963157
2020-10-12,123094379.5059996
2020-10-13,121792264.16416717
2020-10-14,119866739.86001147
2020-10-15,120844085.18308628
2020-10-16,116577261.20541021
2020-10-19,113911825.84102707
2020-10-20,116780720.87273571
2020-10-21,117202075.6019312
2020-10-22,114667744.46371843
2020-10-23,114687369.44649193
2020-10-26,112135892.64192373
2020-10-27,112795304.84383214
2020-10-28,113472032.12412426
2020-10-29,113372120.09595561
2020-10-30,112727481.84752108
2020-11-02,112515427.9599339
2020-11-03,109062255.31639147
2020-11-04,108398901.3151767
2020-11-05,111796507.4482452
2020-11-06,112102453.47611907
2020-11-09,120291065.14275405
2020-11-10,123851892.0480249
2020-11-11,127427530.19631669
2020-11-12,134187540.10422002
2020-11-13,133714833.53458263
2020-11-16,133624956.17162123
2020-11-17,127818323.54618005
2020-11-18,129616020.06345382
2020-11-19,126655237.49911779
2020-11-20,126985710.53999999
2020-11-23,130276628.21292232
2020-11-24,128455178.31820546
2020-11-25,126827041.3383898
2020-11-26,128212570.11138122
2020-11-27,127444682.18222928
2020-11-30,128677714.11874887
2020-12-01,130676033.22217453
2020-12-02,131711280.69237022
2020-12-03,129534690.53518252
2020-12-04,128318759.49817745
2020-12-07,126147968.21797341
2020-12-08,122826297.14766854
2020-12-09,121506480.33629557
2020-12-10,123449290.0143124
2020-12-11,122913615.64313495
2020-12-14,125734402.7553665
2020-12-15,131931527.49298395
2020-12-16,131575612.51378988
2020-12-17,134014255.00848591
2020-12-18,138477797.69991973
2020-12-21,134890508.71063435
2020-12-22,134211563.03885101
2020-12-23,128051111.7518957
2020-12-24,124078194.23392141
2020-12-28,122408663.57438612
2020-12-29,129160920.64244506
2020-12-30,135515045.15230054
2021-01-04,145545864.99268186
2021-01-05,147219187.70049
2021-01-06,145696725.52422935
2021-01-07,147308374.23145485
2021-01-08,149631104.86108285
2021-01-11,143175902.58630916
2021-01-12,141631708.3762846
2021-01-13,138231391.2564786
2021-01-14,137755275.16235343
2021-01-15,134230386.40842444
2021-01-18,132182397.87073883
2021-01-19,136762853.47403896
2021-01-20,139193001.80180848
2021-01-21,145425341.45143422
2021-01-22,139097301.36818624
2021-01-25,138514306.80926502
2021-01-26,138327210.59350985
2021-01-27,140320194.01170042
2021-01-28,134786625.82647336
2021-01-29,134370313.45885074
2021-02-01,138348176.83304906
2021-02-02,142582859.00503278
2021-02-03,149326758.98376784
2021-02-04,151201278.11958042
2021-02-05,149714003.9654448
2021-02-08,144689335.676112
2021-02-09,139717704.01833737
2021-02-10,146367224.17443332
2021-02-15,147476077.96657172
2021-02-16,143952521.821855
2021-02-17,145594128.9482644
2021-02-18,146045012.22686473
2021-02-19,149882803.70523775
2021-02-22,154931228.23888537
2021-02-23,147477901.21097428
2021-02-24,138475166.1452286
2021-02-25,138475166.1452286
2021-02-26,139513491.1115565
2021-03-02,137238018.6267048
2021-03-03,138093248.79850578
2021-03-04,136753133.40496004
2021-03-05,140889982.4084583
2021-03-08,134978283.66357166
2021-03-09,128240758.74356169
2021-03-10,127312265.44813827
2021-03-11,126971591.57935831
2021-03-12,126326123.09821945
2021-03-15,127433821.99607334
2021-03-16,128560223.1286059
2021-03-17,129329616.85602635
2021-03-18,128281929.29668416
2021-03-19,129159581.57530646
2021-03-22,128978800.13439414
2021-03-23,128274105.44204463
2021-03-24,131999038.40841949
2021-03-25,136019827.49165863
2021-03-26,137448473.80305418
2021-03-29,135904819.88460505
2021-03-30,137561280.7936219
2021-03-31,140965233.258564
2021-04-01,137342623.20369872
2021-04-02,135074039.20495337
2021-04-05,136762525.72756186
2021-04-06,136487930.24559355
2021-04-07,142752622.05909765
2021-04-08,142201160.7327652
2021-04-09,141018988.9306345
2021-04-12,140909226.09877223
2021-04-13,138480800.15724403
2021-04-14,139507943.76978013
2021-04-15,141734863.5835579
2021-04-16,148939523.9512145
2021-04-19,148004292.4670095
2021-04-20,150510204.57948673
2021-04-21,150693862.44171393
2021-04-22,150993644.7818516
2021-04-23,152228658.60619417
2021-04-26,153030470.4774807
2021-04-27,148520675.7836752
2021-04-28,148806104.33829606
2021-04-29,149539088.63148978
2021-04-30,155190597.54377872
2021-05-03,156970702.25582063
2021-05-04,156906110.22099504
2021-05-06,164435258.9944523
2021-05-07,164742218.22734836
2021-05-10,165710392.82585415
2021-05-11,168953524.77479234
2021-05-12,166830576.3660624
2021-05-13,162992115.28011617
2021-05-14,159553913.03292516
2021-05-17,144083031.56433836
2021-05-18,145263359.43319082
2021-05-20,142910585.96457314
2021-05-21,142093514.90541166
2021-05-24,140903055.28987867
2021-05-25,142263306.26473755
2021-05-26,141475397.7414375
2021-05-27,142532321.76513237
2021-05-28,142196292.78778404
2021-05-31,141792185.60832816
2021-06-01,140097759.44517753
2021-06-02,141632759.13723272
2021-06-03,143418028.30561483
2021-06-04,138694662.4346212
2021-06-07,142777412.5770514
2021-06-08,137735415.30470353
2021-06-09,138681838.18295643
2021-06-10,136371898.63839665
2021-06-11,140612038.4586706
2021-06-14,139833575.5815534
2021-06-15,147263477.9173921
2021-06-16,147226122.5008567
2021-06-17,154181686.01076376
2021-06-18,156152735.931567
2021-06-21,154086936.39063358
2021-06-22,160526795.20916384
2021-06-23,163710468.3862363
2021-06-24,167620340.46589378
2021-06-25,157578277.2684462
2021-06-28,162041714.87251502
2021-06-29,161791197.73629782
2021-06-30,161099912.24249095
2021-07-01,161102597.88932002
2021-07-02,165117962.17642403
2021-07-05,164683317.09360462
2021-07-06,163867739.8645476
2021-07-07,160932650.1579754
2021-07-08,158185352.75679004
2021-07-09,160492161.95348042
2021-07-12,165769270.2032934
2021-07-13,170180349.0228012
2021-07-14,170724295.73822498
2021-07-15,169598081.83483812
2021-07-16,167327257.01132077
2021-07-19,162988456.5284139
2021-07-20,160484199.9709134
2021-07-21,165470874.25261408
2021-07-22,170931847.61809063
2021-07-23,162894255.0985628
2021-07-26,161900452.28690928
2021-07-27,159560259.38210398
2021-07-28,156616257.5005417
2021-07-29,159146102.54407173
2021-07-30,157931906.57472187
2021-08-02,157448724.57667565
2021-08-03,158959624.2175959
2021-08-04,157804543.3235957
2021-08-05,159493242.86756653
2021-08-06,160911914.28478682
2021-08-09,165725105.0552521
2021-08-10,166375478.88298944
2021-08-11,170372873.462232
2021-08-12,174180282.06758994
2021-08-13,170337532.0622912
2021-08-17,163195377.4315393
2021-08-18,167165175.41179952
2021-08-19,163714486.54758224
2021-08-20,165084810.5953986
2021-08-23,166526462.49716026
2021-08-24,163901303.39973852
2021-08-25,165131271.73493466
2021-08-26,164211109.08525273
2021-08-27,163172470.4994284
2021-08-30,164765808.62300313
2021-08-31,176710026.3448059
2021-09-01,169820438.42726293
2021-09-02,166078056.41468483
2021-09-03,167095737.37644014
2021-09-06,166539957.05798388
2021-09-07,165558787.58325645
2021-09-08,166539957.05798388
2021-09-09,166093970.9331078
2021-09-10,165291195.90833077
2021-09-13,162526081.93409887
2021-09-14,162526081.93409887
2021-09-15,162526081.93409887
2021-09-16,162526081.93409887
2021-09-17,162526081.93409887
2021-09-23,162526081.93409887
2021-09-24,162526081.93409887
2021-09-27,162526081.93409887
2021-09-28,162526081.93409887
2021-09-29,162526081.93409887
2021-09-30,162526081.93409887
2021-10-01,162526081.93409887
2021-10-05,162526081.93409887
2021-10-06,162526081.93409887
2021-10-07,162526081.93409887
2021-10-08,162526081.93409887
2021-10-12,162526081.93409887
2021-10-13,162526081.93409887
2021-10-14,162526081.93409887
2021-10-15,162526081.93409887
2021-10-18,162526081.93409887
2021-10-19,162526081.93409887
2021-10-20,162526081.93409887
2021-10-21,162526081.93409887
2021-10-22,162526081.93409887
2021-10-25,162526081.93409887
2021-10-26,162526081.93409887
2021-10-27,162526081.93409887
2021-10-28,162526081.93409887
2021-10-29,162526081.93409887
2021-11-01,162526081.93409887
2021-11-02,162526081.93409887
2021-11-03,162526081.93409887
2021-11-04,162526081.93409887
2021-11-05,162526081.93409887
2021-11-08,162526081.93409887
2021-11-09,162526081.93409887
2021-11-10,162526081.93409887
2021-11-11,162526081.93409887
2021-11-12,162526081.93409887
2021-11-15,162526081.93409887
2021-11-16,162526081.93409887
2021-11-17,162526081.93409887
2021-11-18,162526081.93409887
2021-11-19,162526081.93409887
2021-11-22,162526081.93409887
2021-11-23,162526081.93409887
2021-11-24,162526081.93409887
2021-11-25,162526081.93409887
2021-11-26,162526081.93409887
2021-11-29,162526081.93409887
2021-11-30,162526081.93409887
2021-12-01,162526081.93409887
2021-12-02,162526081.93409887
2021-12-03,162526081.93409887
2021-12-06,162526081.93409887
2021-12-07,162526081.93409887
2021-12-08,162526081.93409887
2021-12-09,162526081.93409887
2021-12-10,162526081.93409887
2021-12-13,162526081.93409887
2021-12-14,162526081.93409887
2021-12-15,162526081.93409887
2021-12-16,162526081.93409887
2021-12-17,162526081.93409887
2021-12-20,162526081.93409887
2021-12-21,162526081.93409887
2021-12-22,162526081.93409887
2021-12-23,162526081.93409887
2021-12-24,162526081.93409887
2021-12-27,162526081.93409887
2021-12-28,162526081.93409887
2021-12-29,162955834.00021458
2021-12-30,164435426.4302091
2022-01-03,168359231.08160353
2022-01-04,169125880.32724264
2022-01-05,159947961.95764592
2022-01-06,159545466.89650792
2022-01-07,162010304.89151287
2022-01-10,158901651.82205847
2022-01-11,157269609.67960688
2022-01-12,158272289.97070006
2022-01-13,157396520.39594692
2022-01-14,158667066.51105565
2022-01-17,157701910.91377163
2022-01-18,158828929.86847356
2022-01-19,159563510.8499419
2022-01-20,159811462.05237734
2022-01-21,156778150.61411837
2022-01-24,156778150.61411837
2022-01-25,156778150.61411837
2022-01-26,156778150.61411837
2022-01-27,156778150.61411837
2022-01-28,156778150.61411837
2022-02-03,156778150.61411837
2022-02-04,156778150.61411837
2022-02-07,156778150.61411837
2022-02-08,156778150.61411837
2022-02-09,156778150.61411837
2022-02-10,156778150.61411837
2022-02-11,156778150.61411837
2022-02-14,156778150.61411837
2022-02-15,156778150.61411837
2022-02-16,156778150.61411837
2022-02-17,156778150.61411837
2022-02-18,156778150.61411837
2022-02-21,156778150.61411837
2022-02-22,156778150.61411837
2022-02-23,156778150.61411837
2022-02-24,156778150.61411837
2022-02-25,156778150.61411837
2022-02-28,156778150.61411837
2022-03-02,156778150.61411837
2022-03-03,156778150.61411837
2022-03-04,156778150.61411837
2022-03-07,156778150.61411837
2022-03-08,156778150.61411837
2022-03-10,156778150.61411837
2022-03-11,156778150.61411837
2022-03-14,156778150.61411837
2022-03-15,156778150.61411837
2022-03-16,156778150.61411837
2022-03-17,156778150.61411837
2022-03-18,156778150.61411837
2022-03-21,156778150.61411837
2022-03-22,156778150.61411837
2022-03-23,156778150.61411837
2022-03-24,156778150.61411837
2022-03-25,156778150.61411837
2022-03-28,156778150.61411837
2022-03-29,156778150.61411837
2022-03-30,156778150.61411837
2022-03-31,156778150.61411837
2022-04-01,156778150.61411837
2022-04-04,156778150.61411837
2022-04-05,156778150.61411837
2022-04-06,156778150.61411837
2022-04-07,156778150.61411837
2022-04-08,156778150.61411837
2022-04-11,156778150.61411837
2022-04-12,156778150.61411837
2022-04-13,156778150.61411837
2022-04-14,156778150.61411837
2022-04-15,156778150.61411837
2022-04-18,156778150.61411837
2022-04-19,156778150.61411837
2022-04-20,156778150.61411837
2022-04-21,156778150.61411837
2022-04-22,156778150.61411837
2022-04-25,156778150.61411837
2022-04-26,156778150.61411837
2022-04-27,156778150.61411837
2022-04-28,156778150.61411837
2022-04-29,157299066.1626582
2022-05-02,157259494.53610346
2022-05-03,166719105.41820404
2022-05-04,171576699.0410555
2022-05-06,166532274.89424822
2022-05-09,162422003.36722007
2022-05-10,157564409.7443686
2022-05-11,157564409.7443686
2022-05-12,157564409.7443686
2022-05-13,157564409.7443686
2022-05-16,157564409.7443686
2022-05-17,157564409.7443686
2022-05-18,157564409.7443686
2022-05-19,157564409.7443686
2022-05-20,157564409.7443686
2022-05-23,157564409.7443686
2022-05-24,157564409.7443686
2022-05-25,157564409.7443686
2022-05-26,157564409.7443686
2022-05-27,157564409.7443686
2022-05-30,157564409.7443686
2022-05-31,157564409.7443686
2022-06-02,157564409.7443686
2022-06-03,155388799.98827106
2022-06-07,155530643.95990226
2022-06-08,155331458.80824992
2022-06-09,154990429.6849664
2022-06-10,154875747.32492414
2022-06-13,153107224.6147989
2022-06-14,153107224.6147989
2022-06-15,153107224.6147989
2022-06-16,153107224.6147989
2022-06-17,153107224.6147989
2022-06-20,153107224.6147989
2022-06-21,153107224.6147989
2022-06-22,153107224.6147989
2022-06-23,153107224.6147989
2022-06-24,153107224.6147989
2022-06-27,153107224.6147989
2022-06-28,153107224.6147989
2022-06-29,153107224.6147989
2022-06-30,153107224.6147989
2022-07-01,153107224.6147989
2022-07-04,153107224.6147989
2022-07-05,153107224.6147989
2022-07-06,153107224.6147989
2022-07-07,153107224.6147989
2022-07-08,153107224.6147989
2022-07-11,153107224.6147989
2022-07-12,153107224.6147989
2022-07-13,153107224.6147989
2022-07-14,153107224.6147989
2022-07-15,153107224.6147989
2022-07-18,153107224.6147989
2022-07-19,153107224.6147989
2022-07-20,153107224.6147989
2022-07-21,153107224.6147989
2022-07-22,153107224.6147989
2022-07-25,153107224.6147989
2022-07-26,153107224.6147989
2022-07-27,153107224.6147989
2022-07-28,153107224.6147989
2022-07-29,153107224.6147989
2022-08-01,153107224.6147989
2022-08-02,153107224.6147989
2022-08-03,153107224.6147989
2022-08-04,153107224.6147989
2022-08-05,153107224.6147989
2022-08-08,153107224.6147989
2022-08-09,153107224.6147989
2022-08-10,153107224.6147989
2022-08-11,153107224.6147989
2022-08-12,153107224.6147989
2022-08-16,153107224.6147989
2022-08-17,153107224.6147989
2022-08-18,153107224.6147989
2022-08-19,153107224.6147989
2022-08-22,153107224.6147989
2022-08-23,153107224.6147989
2022-08-24,153107224.6147989
2022-08-25,153107224.6147989
2022-08-26,153107224.6147989
2022-08-29,153107224.6147989
2022-08-30,153107224.6147989
2022-08-31,153107224.6147989
2022-09-01,153107224.6147989
2022-09-02,153107224.6147989
2022-09-05,153107224.6147989
2022-09-06,153107224.6147989
2022-09-07,153107224.6147989
2022-09-08,153107224.6147989
2022-09-13,153107224.6147989
2022-09-14,153107224.6147989
2022-09-15,153107224.6147989
2022-09-16,152231484.9698285
2022-09-19,150219650.65030187
2022-09-20,150552983.9836352
2022-09-21,149410860.69596398
2022-09-22,150844650.65030187
2022-09-23,150140883.5270142
2022-09-26,149943394.9425393
2022-09-27,151044993.1160553
2022-09-28,147773589.00646627
2022-09-29,147627755.67313293
2022-09-30,146419422.33979958
2022-10-04,146419422.33979958
2022-10-05,146419422.33979958
2022-10-06,146419422.33979958
2022-10-07,146419422.33979958
2022-10-11,146419422.33979958
2022-10-12,146419422.33979958
2022-10-13,146419422.33979958
2022-10-14,146419422.33979958
2022-10-17,146419422.33979958
2022-10-18,146419422.33979958
2022-10-19,146419422.33979958
2022-10-20,146419422.33979958
2022-10-21,146419422.33979958
2022-10-24,146419422.33979958
2022-10-25,146419422.33979958
2022-10-26,146419422.33979958
2022-10-27,146419422.33979958
2022-10-28,146419422.33979958
2022-10-31,146419422.33979958
2022-11-01,146419422.33979958
2022-11-02,146419422.33979958
2022-11-03,146419422.33979958
2022-11-04,146419422.33979958
2022-11-07,146419422.33979958
2022-11-08,146419422.33979958
2022-11-09,146419422.33979958
2022-11-10,146419422.33979958
2022-11-11,146419422.33979958
2022-11-14,146419422.33979958
2022-11-15,146419422.33979958
2022-11-16,146419422.33979958
2022-11-17,146419422.33979958
2022-11-18,146419422.33979958
2022-11-21,146419422.33979958
2022-11-22,146419422.33979958
2022-11-23,146419422.33979958
2022-11-24,146419422.33979958
2022-11-25,146419422.33979958
2022-11-28,145884142.53444678
2022-11-29,145786818.93347356
2022-11-30,146419422.33979958
2022-12-01,146633610.0422752
2022-12-02,146582829.8315669
2022-12-05,145498489.83927837
2022-12-06,144398365.13967663
2022-12-07,144322374.85455716
2022-12-08,144543284.80202967
2022-12-09,144488166.96449298
2022-12-12,145494174.11134955
2022-12-13,144520773.1426977
2022-12-14,146428869.28977752
2022-12-15,145005894.17204264
2022-12-16,142977957.52794215
2022-12-19,142268191.82162416
2022-12-20,140693695.14008263
2022-12-21,142945114.04964328
2022-12-22,143339990.6893984
2022-12-23,139500474.9432275
2022-12-26,138928137.48904002
2022-12-27,142767073.8265677
2022-12-28,140884558.99823385
2022-12-29,138834241.19285715
2023-01-02,136700363.18849725
2023-01-03,135517875.1814128
2023-01-04,136028983.72288823
2023-01-05,134391947.4511603
2023-01-06,134442735.19749144
2023-01-09,137523795.9167281
2023-01-10,136229919.43718797
2023-01-11,138300714.91446707
2023-01-12,134638131.8463397
2023-01-13,138625531.08655882
2023-01-16,140014505.33932158
2023-01-17,141832732.25129688
2023-01-18,140254650.52115393
2023-01-19,140364532.69545478
2023-01-20,145680684.41610822
2023-01-25,167183391.24307525
2023-01-26,156883931.21758458
2023-01-27,159416174.13977718
2023-01-30,156214757.44009554
2023-01-31,155948123.86794078
2023-02-01,156000343.1890896
2023-02-02,160220752.63820916
2023-02-03,156888358.04343396
2023-02-06,153158924.77103907
2023-02-07,154130375.98129582
2023-02-08,153858778.23235908
2023-02-09,151090295.02702832
2023-02-10,149904429.5657656
2023-02-13,149277797.7119797
2023-02-14,149538894.3177238
2023-02-15,148400419.0278125
2023-02-16,147761614.42686692
2023-02-17,146356111.84458882
2023-02-20,148852649.7536152
2023-02-21,150128680.8370839
2023-02-22,146802751.3076082
2023-02-23,148647413.44388753
2023-02-24,147845093.84512812
2023-02-27,148815574.35941616
2023-02-28,149533736.10030484
2023-03-02,147184596.1212114
2023-03-03,152666302.8588338
2023-03-06,158401557.84300622
2023-03-07,152180377.63503423
2023-03-08,162279656.46236244
2023-03-09,159910998.84435838
2023-03-10,153487493.69130003
2023-03-13,164294528.6215888
2023-03-14,164654101.0182649
2023-03-15,188038449.50247797
2023-03-16,186739301.9802074
2023-03-17,177795483.44836423
2023-03-20,179199912.5499238
2023-03-21,187170191.17229503
2023-03-22,197194603.87452117
2023-03-23,199181966.98436528
2023-03-24,199406617.74935627
2023-03-27,206934897.75168905
2023-03-28,199102983.16803285
2023-03-29,211445495.21580714
2023-03-30,216396595.4603059
2023-03-31,206714443.87106383
2023-04-03,207929314.68495458
2023-04-04,200357143.39965498
2023-04-05,211067073.70251697
2023-04-06,213292933.60144138
2023-04-07,226156735.4912127
2023-04-10,254961084.88816762
2023-04-11,264887173.01552886
2023-04-12,232923494.8579818
2023-04-13,223392127.18895876
2023-04-14,223510658.6079884
2023-04-17,229704046.1266539
2023-04-18,241999025.5390694
2023-04-19,231715116.6000421
2023-04-20,227937660.68803215
2023-04-21,213438650.52273083
2023-04-24,217604898.35376057
2023-04-25,218005989.60508916
2023-04-26,215334181.95235857
2023-04-27,239125756.7459833
2023-04-28,244417542.13578346
2023-05-02,248348758.05547813
2023-05-03,237037870.2491979
2023-05-04,240900612.49261925
2023-05-08,236862464.12412176
2023-05-09,236411714.35965022
2023-05-10,235401622.3984485
2023-05-11,228901841.46701178
2023-05-12,226629414.83514932
2023-05-15,225964462.28854668
2023-05-16,231746430.23552388
2023-05-17,235512886.66163668
2023-05-18,229393226.81992587
2023-05-19,231782511.5978155
2023-05-22,229875492.8799615
2023-05-23,231879204.0019474
2023-05-24,228725417.30729696
2023-05-25,227814215.28861037
2023-05-26,227442756.84165484
2023-05-30,229333412.81747398
2023-05-31,230420842.3287692
2023-06-01,232534818.6325377
2023-06-02,230218031.40454367
2023-06-05,230023260.42036265
2023-06-07,228287099.8883102
2023-06-08,230152849.8114332
2023-06-09,235405437.89186642
2023-06-12,232770380.24462846
2023-06-13,235729079.51300314
2023-06-14,235749837.9421906
2023-06-15,244550177.53127134
2023-06-16,244366393.97943822
2023-06-19,245884701.67850184
2023-06-20,248296428.49525633
2023-06-21,241227129.10570422
2023-06-22,238378692.78009394
2023-06-23,243972484.3885687
2023-06-26,241244508.06746194
2023-06-27,248558693.10013053
2023-06-28,246701356.32760864
2023-06-29,249930688.14647287
2023-06-30,241870953.18041837
2023-07-03,251567753.93856353
2023-07-04,253005471.66020665
2023-07-05,249005543.55328202
2023-07-06,246887377.48027784
2023-07-07,244840194.3816863
2023-07-10,239397205.82065094
2023-07-11,243364107.2291017
2023-07-12,241216655.38565582
2023-07-13,238681444.11805016
2023-07-14,240869889.24870875
2023-07-17,239917596.04214722
2023-07-18,244173291.84469262
2023-07-19,251225878.8491964
2023-07-20,257161646.92127746
2023-07-21,262574179.07665983
2023-07-24,266466167.44366363
2023-07-25,246658034.07763672
2023-07-26,249145515.5062239
2023-07-27,225371944.11217946
2023-07-28,225431645.60471678
2023-07-31,225213046.29358014
2023-08-01,222857541.82157496
2023-08-02,222109868.56062382
2023-08-03,221994012.56346288
2023-08-04,209534676.0053717
2023-08-07,208143810.8318978
2023-08-08,207754150.37647995
2023-08-09,207798367.06905353
2023-08-10,209893912.41051847
2023-08-11,212959315.65123814
2023-08-14,212255608.7391234
2023-08-16,205127031.89150855
2023-08-17,210838846.32188
2023-08-18,199840673.0378027
2023-08-21,200247239.74621537
2023-08-22,203322804.74591976
2023-08-23,201140812.74265563
2023-08-24,203099284.02468696
2023-08-25,204446967.38613892
2023-08-28,203582548.68053207
2023-08-29,206677747.3791092
2023-08-30,212843921.20008904
2023-08-31,203916544.08911937
2023-09-01,197575569.29234672
2023-09-04,197575569.29234672
2023-09-05,197575569.29234672
2023-09-06,197575569.29234672
2023-09-07,197575569.29234672
2023-09-08,197575569.29234672
2023-09-11,197575569.29234672
2023-09-12,197575569.29234672
2023-09-13,197575569.29234672
2023-09-14,197575569.29234672
2023-09-15,197575569.29234672
2023-09-18,197735569.29234672
2023-09-19,199819185.11155576
2023-09-20,197443591.89121675
2023-09-21,198640428.04940888
2023-09-22,195865286.80647102
2023-09-25,195971953.4731377
2023-09-26,195545286.80647102
2023-09-27,196558620.13980436
2023-10-04,195651953.4731377
2023-10-05,193625286.80647102
2023-10-06,193625286.80647102
2023-10-10,193625286.80647102
2023-10-11,193625286.80647102
2023-10-12,193625286.80647102
2023-10-13,193625286.80647102
2023-10-16,193625286.80647102
2023-10-17,193625286.80647102
2023-10-18,193625286.80647102
2023-10-19,193625286.80647102
2023-10-20,193625286.80647102
2023-10-23,193625286.80647102
2023-10-24,193625286.80647102
2023-10-25,193625286.80647102
2023-10-26,193625286.80647102
2023-10-27,193625286.80647102
2023-10-30,193625286.80647102
2023-10-31,193625286.80647102
2023-11-01,193625286.80647102
2023-11-02,193625286.80647102
2023-11-03,193625286.80647102
2023-11-06,193625286.80647102
2023-11-07,193625286.80647102
2023-11-08,193625286.80647102
2023-11-09,193625286.80647102
2023-11-10,193625286.80647102
2023-11-13,193625286.80647102
2023-11-14,193625286.80647102
2023-11-15,193625286.80647102
2023-11-16,193625286.80647102
2023-11-17,193625286.80647102
2023-11-20,193625286.80647102
2023-11-21,193625286.80647102
2023-11-22,193625286.80647102
2023-11-23,193304431.19149774
2023-11-24,193772345.63000044
2023-11-27,194039725.30914482
2023-11-28,194467532.79577583
2023-11-29,193745607.662086
2023-11-30,194226891.08454588
2023-12-01,193879297.5016582
2023-12-04,193999618.35727316
2023-12-05,194119939.21288812
2023-12-06,194881971.29844964
2023-12-07,194881971.29844964
2023-12-08,194467532.79577583
2023-12-11,193398014.0791983
2023-12-12,193398014.0791983
2023-12-13,193398014.0791983
2023-12-14,193398014.0791983
2023-12-15,193398014.0791983
2023-12-18,193398014.0791983
2023-12-19,193398014.0791983
2023-12-20,190992515.79741135
2023-12-21,191048226.10381803
2023-12-22,191744604.9339016
2023-12-26,191600063.76502648
2023-12-27,192707426.28103083
2023-12-28,193654623.2584327
2024-01-02,198887422.44075406
2024-01-03,200125624.8028062
2024-01-04,200501055.95321053
2024-01-05,204713147.11747319
2024-01-08,204136790.8699878
2024-01-09,208740809.1262959
2024-01-10,210128037.23975894
2024-01-11,202992139.00274467
2024-01-12,200671287.55439848
2024-01-15,213397195.84220052
2024-01-16,219564533.24088347
2024-01-17,213511432.03638235
2024-01-18,213722413.97516182
2024-01-19,238130766.58903763
2024-01-22,261708475.32969663
2024-01-23,257934890.42403626
2024-01-24,274806599.33262336
2024-01-25,274437397.3510715
2024-01-26,262387204.83346897
2024-01-29,260180689.22215068
2024-01-30,255390299.5089479
2024-01-31,243069322.88694212
2024-02-01,246534879.62865666
2024-02-02,247008616.86911774
2024-02-05,235417887.70120162
2024-02-06,235793079.05478615
2024-02-07,238279398.91857424
2024-02-08,246087480.27552664
2024-02-13,256309298.4721038
2024-02-14,253503859.80948707
2024-02-15,253756164.53422824
2024-02-16,247750504.15686974
2024-02-19,262091521.3841052
2024-02-20,255970112.19246423
2024-02-21,253085800.6483242
2024-02-22,260160789.21288007
2024-02-23,254486975.09531462
2024-02-26,256154663.1851645
2024-02-27,260001267.07578385
2024-02-28,260534115.93292776
2024-02-29,254698597.54575416
2024-03-04,255678523.29699266
2024-03-05,259045388.17731643
2024-03-06,266816489.96934903
2024-03-07,265703148.9988924
2024-03-08,272090599.9541236
2024-03-11,269068441.6361255
2024-03-12,287050752.68597955
2024-03-13,293623560.20041865
2024-03-14,302965864.68539757
2024-03-15,308383204.3083905
2024-03-18,306668087.3976165
2024-03-19,302556972.1115436
2024-03-20,299007076.26333517
2024-03-21,313932709.56175494
2024-03-22,318995615.33435845
2024-03-25,325180672.02259445
2024-03-26,337854437.96605104
2024-03-27,333242797.58660966
2024-03-28,337884011.2409643
2024-03-29,328162208.4429499
2024-04-01,321042860.2071312
2024-04-02,312933503.2568039
2024-04-03,316860462.9922639
2024-04-04,327639451.23527
2024-04-05,327191256.7699914
2024-04-08,318668467.6148284
2024-04-09,323437283.03348345
2024-04-11,350290364.3730351
2024-04-12,350692028.70524234
2024-04-15,352112615.8904336
2024-04-16,330602632.6436126
2024-04-17,335491311.88889563
2024-04-18,344614958.76416904
2024-04-19,325985714.93925875
2024-04-22,318167589.6198063
2024-04-23,316500790.29727674
2024-04-24,316453685.58667016
2024-04-25,312705697.1734583
2024-04-26,315815121.7155802
2024-04-29,315141897.7090958
2024-04-30,315619307.57577777
2024-05-02,314117825.11721146
2024-05-03,313469495.05028
2024-05-07,320246230.8768904
2024-05-08,313944172.1557392
2024-05-09,321622878.7272361
2024-05-10,331989731.24050945
2024-05-13,328896909.4205552
2024-05-14,329659537.37613595
2024-05-16,335686458.89927673
2024-05-17,335134265.2968684
2024-05-20,336900858.2408404
2024-05-21,340313833.3253604
2024-05-22,333780532.78274477
2024-05-23,339768354.719667
2024-05-24,346138937.44742763
2024-05-27,352399889.22518396
2024-05-28,360761195.7739914
2024-05-29,361582704.1705456
2024-05-30,359280299.71318924
2024-05-31,354088011.9677065
2024-06-03,369643432.89690375
2024-06-04,366365348.3852073
2024-06-05,363295666.9841982
2024-06-07,369232856.92779624
2024-06-10,374578837.53988135
2024-06-11,377079886.6083977
2024-06-12,387722004.83511525
2024-06-13,388990055.4129431
2024-06-14,391432963.4203115
2024-06-17,387252653.5443331
2024-06-18,396972342.6096177
2024-06-19,393203929.528671
2024-06-20,388918742.2818146
2024-06-21,396242416.2789387
2024-06-24,393650954.6831355
2024-06-25,385295994.9855049
2024-06-26,391399708.9811349
2024-06-27,391818606.07279646
2024-06-28,394846828.60365254
2024-07-01,390636173.08555824
2024-07-02,397068449.76048857
2024-07-03,407550859.36053437
2024-07-04,406086660.8866689
2024-07-05,405115216.158882
2024-07-08,416001451.0180835
2024-07-09,413779049.9709265
2024-07-10,414536866.47227114
2024-07-11,414467518.2051141
2024-07-12,414676975.3552219
2024-07-15,410177725.8715901
2024-07-16,407742082.6699376
2024-07-17,397240346.982922
2024-07-18,388133923.53061664
2024-07-19,402888025.9726878
2024-07-22,402742984.6209097
2024-07-23,404457568.9984966
2024-07-24,402341216.08426136
2024-07-25,394654473.25191885
2024-07-26,398840201.0314637
2024-07-29,395960445.5622312
2024-07-30,394683379.93713963
2024-07-31,392500813.8516983
2024-08-01,393890873.4617605
2024-08-02,390010699.43051505
2024-08-05,375014724.21045583
2024-08-06,375014724.21045583
2024-08-07,375014724.21045583
2024-08-08,375014724.21045583
2024-08-09,375014724.21045583
2024-08-12,375014724.21045583
2024-08-13,375014724.21045583
2024-08-14,375014724.21045583
2024-08-16,375014724.21045583
2024-08-19,375014724.21045583
2024-08-20,375014724.21045583
2024-08-21,374829783.65563416
2024-08-22,374037181.277827
2024-08-23,374037181.277827
2024-08-26,372623880.52760583
2024-08-27,372220138.9253007
2024-08-28,377228851.07800573
2024-08-29,378321229.07371676
2024-08-30,375713762.8241787
2024-09-02,374137243.7068885
2024-09-03,376423112.9136565
2024-09-04,373185847.24307483
2024-09-05,368352573.0998516
2024-09-06,365979155.3783327
2024-09-09,365979155.3783327
2024-09-10,365979155.3783327
2024-09-11,365979155.3783327
2024-09-12,365979155.3783327
2024-09-13,365979155.3783327
2024-09-19,365979155.3783327
2024-09-20,365979155.3783327
2024-09-23,365979155.3783327
2024-09-24,365979155.3783327
2024-09-25,365979155.3783327
2024-09-26,365979155.3783327
2024-09-27,365979155.3783327
2024-09-30,365979155.3783327
2024-10-02,365979155.3783327
2024-10-04,365979155.3783327
2024-10-07,365979155.3783327
2024-10-08,365979155.3783327
2024-10-10,365979155.3783327
2024-10-11,365979155.3783327
2024-10-14,365979155.3783327
2024-10-15,365979155.3783327
2024-10-16,365979155.3783327
2024-10-17,365979155.3783327
2024-10-18,365979155.3783327
2024-10-21,365979155.3783327
2024-10-22,365979155.3783327
2024-10-23,365979155.3783327
2024-10-24,365979155.3783327
2024-10-25,365979155.3783327
2024-10-28,365979155.3783327
2024-10-29,365979155.3783327
2024-10-30,365979155.3783327
2024-10-31,365979155.3783327
2024-11-01,365979155.3783327
2024-11-04,365979155.3783327
2024-11-05,365979155.3783327
2024-11-06,365979155.3783327
2024-11-07,365722745.12192243
2024-11-08,365701377.6005549
2024-11-11,367004887.5234678
2024-11-12,365982071.202144
2024-11-13,364699017.60565764
2024-11-14,366300032.6768219
2024-11-15,366170916.3536757
2024-11-18,363056452.0451816
2024-11-19,363291494.7802243
2024-11-20,363077819.56654906
2024-11-21,362522264.01099354
2024-11-22,362522264.01099354
2024-11-25,362522264.01099354
2024-11-26,362522264.01099354
2024-11-27,362522264.01099354
2024-11-28,362522264.01099354
2024-11-29,362522264.01099354
2024-12-02,362522264.01099354
2024-12-03,362522264.01099354
2024-12-04,362522264.01099354
2024-12-05,362522264.01099354
2024-12-06,362522264.01099354
2024-12-09,362522264.01099354
2024-12-10,362522264.01099354
2024-12-11,362522264.01099354
2024-12-12,362522264.01099354
2024-12-13,362522264.01099354
2024-12-16,362522264.01099354
2024-12-17,362522264.01099354
2024-12-18,362522264.01099354
2024-12-19,362522264.01099354
2024-12-20,362522264.01099354
2024-12-23,362522264.01099354
2024-12-24,362522264.01099354
2024-12-26,362522264.01099354
2024-12-27,362522264.01099354
2024-12-30,362522264.01099354
2025-01-02,362522264.01099354
2025-01-03,362522264.01099354
2025-01-06,362522264.01099354
2025-01-07,362522264.01099354
2025-01-08,362522264.01099354
2025-01-09,362522264.01099354
2025-01-10,362522264.01099354
2025-01-13,362522264.01099354
2025-01-14,362522264.01099354
2025-01-15,362522264.01099354
2025-01-16,362522264.01099354
2025-01-17,362522264.01099354
2025-01-20,362522264.01099354
2025-01-21,362522264.01099354
2025-01-22,362522264.01099354
2025-01-23,362522264.01099354
2025-01-24,362522264.01099354
2025-01-31,362522264.01099354
2025-02-03,362522264.01099354
2025-02-04,362522264.01099354
2025-02-05,362522264.01099354
2025-02-06,362522264.01099354
2025-02-07,362522264.01099354
2025-02-10,362522264.01099354
2025-02-11,362522264.01099354
2025-02-12,362522264.01099354
2025-02-13,362721694.2104237
2025-02-14,362641214.3038569
2025-02-17,363657972.3598514
2025-02-18,367462512.5378427
2025-02-19,365447955.3771329
2025-02-20,364943764.3266818
2025-02-21,362113426.5796348
2025-02-24,366622863.94361055
2025-02-25,369185379.30956733
2025-02-26,371197434.469007
2025-02-27,369156583.4392086
2025-02-28,370402212.2410298
2025-03-04,366493442.4746646
2025-03-05,364639514.324704
2025-03-06,366611554.3585563
2025-03-07,367416959.922995
2025-03-10,363017154.4504578
2025-03-11,367383030.89621615
2025-03-12,367455801.4891044
2025-03-13,363867530.6098992
2025-03-14,365258821.04937243
2025-03-17,362159513.03672975
2025-03-18,366790615.2911843
2025-03-19,360419102.4839269
2025-03-20,349363490.9752542
2025-03-21,349827137.8974377
2025-03-24,351507327.9974944
2025-03-25,346624494.0806934
2025-03-26,349330755.0398016
2025-03-27,347078891.0029525
2025-03-28,343473573.98942614
2025-03-31,342032652.84719986
2025-04-01,343926974.6874856
2025-04-02,343888875.71843183
2025-04-03,342663280.8520634
2025-04-04,342062485.83898544
2025-04-07,337055331.21726906
2025-04-08,338076712.055235
2025-04-09,340092461.51922524
2025-04-10,342867901.9660768
2025-04-11,347819630.8346091
2025-04-14,346283499.07906675
2025-04-15,349529148.03882444
2025-04-16,354893529.0825341
2025-04-17,354224936.42879903
2025-04-18,355137376.236797
2025-04-21,354064354.89497733
2025-04-22,347852527.6612152
2025-04-23,351814729.7795094
2025-04-24,351389060.7886105
2025-04-25,348726695.5622176
2025-04-28,354344884.3398455
2025-04-29,357532807.0232592
2025-04-30,359954761.694633
2025-05-02,364674363.0356636
2025-05-07,365509744.2967441
2025-05-08,363036331.4719378
2025-05-09,361075547.2241783
2025-05-12,356732003.7034673
2025-05-13,358817235.9763387
2025-05-14,358960433.54787326
2025-05-15,359275056.5048129
2025-05-16,361306338.167471
2025-05-19,362533429.94967717
2025-05-20,371349006.0953478
2025-05-21,372033243.0619599
2025-05-22,370311087.271822
2025-05-23,371219015.3340034
2025-05-26,366041919.55331993
2025-05-27,376049649.9133485
2025-05-28,375074841.8710121
2025-05-29,381659166.4075924
2025-05-30,378094597.53657365
2025-06-02,379665108.8417822
2025-06-04,378973688.3797475
2025-06-05,378555548.0411242
2025-06-09,394461486.6327563
2025-06-10,400338506.69405466
2025-06-11,411555907.0841355
2025-06-12,412213228.06491005
2025-06-13,405187071.75395995
2025-06-16,407853552.6678636
2025-06-17,405288423.10531133
2025-06-18,405638659.9400842
2025-06-19,405629674.1501706
2025-06-20,400986737.39898646
2025-06-23,403057021.60071397
2025-06-24,404912691.70380676
2025-06-25,406719044.44830376
2025-06-26,403574122.4644643
2025-06-27,401223160.0948452
2025-06-30,406450640.55939466
2025-07-01,403564698.9148323
2025-07-02,401877803.79690266
2025-07-03,401631397.24446166
2025-07-04,392919670.5973902
2025-07-07,392432779.21162236
2025-07-08,394097420.1317739
2025-07-09,393803044.1975437
2025-07-10,392739898.9971006
2025-07-11,391840713.3366788
2025-07-14,394608449.37558144
2025-07-15,398129084.1688987
2025-07-16,398786670.879518
2025-07-17,399134056.6392347
2025-07-18,397681810.3350443
2025-07-21,398947461.4136081
2025-07-22,398434647.16784155
2025-07-23,399476906.21743834
2025-07-24,401082687.82299834
2025-07-25,400623302.30288625
2025-07-28,407997756.297229
2025-07-29,413009388.64037603
2025-07-30,409908811.63339484
2025-07-31,412526369.8994856
2025-08-01,403634842.2277291
2025-08-04,410153037.12409186
2025-08-05,417913704.3251497
2025-08-06,420598421.08073485
2025-08-07,420494455.2791818
2025-08-08,422298684.0087371
2025-08-11,422877846.38584113
2025-08-12,417768827.87396157
2025-08-13,415619246.6014639
2025-08-14,415126525.17565054
2025-08-18,413281227.9605337
2025-08-19,414053762.47854364
2025-08-20,412465134.29047215
2025-08-21,414105077.99710774
2025-08-22,417436246.01273894
2025-08-25,417129172.8604768
2025-08-26,416930413.07173645
2025-08-27,416909505.3454138
2025-08-28,417165564.64807993
2025-08-29,418694322.49576074
2025-09-01,417925921.7221162
2025-09-02,415637934.6729497
2025-09-03,412866913.8207639
2025-09-04,413028580.545098
2025-09-05,416381421.47546935
2025-09-08,419085529.1666023
2025-09-09,413519327.40285623
2025-09-10,426420787.91875035
2025-09-11,426980061.07467455
2025-09-12,422289375.5732855
2025-09-15,427051533.3952286
2025-09-16,424888809.9074051
2025-09-17,420824176.89131093
2025-09-18,415260696.5582836
2025-09-19,418397823.79823035
2025-09-22,418963570.4485537
2025-09-23,419015911.5032003
2025-09-24,414607192.2148338
2025-09-25,411421232.8105557
2025-09-26,411649442.5242751
2025-09-29,412808527.38366336
2025-09-30,411035853.5905016
2025-10-01,414039676.532702
2025-10-02,413673526.57287437
2025-10-10,422426551.79588157
2025-10-13,435157904.9595425
2025-10-14,421826168.43412197
2025-10-15,432707119.739039
2025-10-16,430194561.6885173
2025-10-17,428075742.38883245
2025-10-20,441251894.7632083
2025-10-21,435245792.78490824
2025-10-22,434003094.49368894
2025-10-23,435384826.6953243
2025-10-24,443423955.4351625
2025-10-27,450137375.9072167
2025-10-28,450649127.4085094
2025-10-29,459435557.28516674
2025-10-30,469471722.0787517
2025-10-31,461824775.50092316
2025-11-03,484508962.4521911
2025-11-04,489771411.8434447
2025-11-05,481109817.1365525
2025-11-06,467037261.41652095
2025-11-07,466176314.1098992
2025-11-10,464564530.1030789
2025-11-11,470133716.62108886
2025-11-12,467487144.2998244
2025-11-13,468351859.169685
2025-11-14,457085736.3830514
2025-11-17,439343555.68399143
2025-11-18,437731834.0722698
2025-11-19,436933112.02754134
2025-11-20,439304015.62211746
2025-11-21,438807552.88438493
2025-11-24,437021133.8588146
2025-11-25,437860759.5586254
2025-11-26,443133714.6866087
2025-11-27,441516536.2882723
2025-11-28,457256791.94708157
2025-12-01,456623466.7221937
2025-12-02,468128057.0169334
2025-12-03,462597553.215097
2025-12-04,464165597.3184415
2025-12-05,457608983.24847543
2025-12-08,457912852.55269074
2025-12-09,459110361.8605919
2025-12-10,457976000.4602594
2025-12-11,459105958.8350979
2025-12-12,463695985.08281124
2025-12-15,471249531.55414134
2025-12-16,475390392.38823533
2025-12-17,455149343.3129654
2025-12-18,453121537.7133416
2025-12-19,481955295.9675291
2025-12-22,497878720.0141957
2025-12-23,471149670.7188984
2025-12-24,465760669.9603969
2025-12-26,467185214.82692707
2025-12-29,481578677.62295496
2025-12-30,474964576.0913837
2026-01-02,489471210.8459152
2026-01-05,500414647.5797553
2026-01-06,495479402.3152541
2026-01-07,484439434.7017887
2026-01-08,486187483.9213891
2026-01-09,489151584.7871032
2026-01-12,506499091.03157437
2026-01-13,510905014.8227341
2026-01-14,520685361.0296795
2026-01-15,519789139.8203914
2026-01-16,502857639.9026432
2026-01-19,505232112.2941698
2026-01-20,504068052.34826857
2026-01-21,503100303.3597567
2026-01-22,499045053.09582233
2026-01-23,500080675.3875016
2026-01-26,496606361.87718475
2026-01-27,499552650.4496069
2026-01-28,513445906.4315989
2026-01-29,534607446.7672277
2026-01-30,536440400.7708051
2026-02-02,527608469.1875945
2026-02-03,555597116.6536999
2026-02-04,586152891.0479906
2026-02-05,589880456.6255331
2026-02-06,584941429.857712
2026-02-09,626009948.9916611
2026-02-10,618059178.2037556
2026-02-11,602766675.9135414
2026-02-12,588228954.7960109
2026-02-13,580161452.0486034
2026-02-19,574535267.2964302
2026-02-20,592150566.178177
2026-02-23,604180394.6536348
2026-02-24,608482831.0608121
2026-02-25,612151672.9222612
2026-02-26,612742018.023602
2026-02-27,610695880.9209003
2026-03-03,631475668.621308
2026-03-04,598233497.9048678
2026-03-05,642212309.7314353
2026-03-06,700405701.4233632
2026-03-09,728481349.4579735
2026-03-10,797204588.0884403
2026-03-11,784402118.5613481
2026-03-12,797470125.5741006
2026-03-13,804431886.6744764
2026-03-16,774184363.4504721
2026-03-17,735823484.4429172
2026-03-18,736953751.0867832
2026-03-19,715269175.2731953
2026-03-20,759356773.9390824
2026-03-23,734413724.1620309
2026-03-24,742176759.3445654
2026-03-25,789198152.9353073
2026-03-26,782566065.6177237
2026-03-27,768751134.9087427
2026-03-30,736034211.8551103
2026-03-31,715317989.6743919
