날짜,open,high,low,close,volume
2016-01-04,4887,4896,4736,4755,46594
2016-01-05,4641,4868,4641,4755,61311
2016-01-06,4755,4849,4755,4755,48970
2016-01-07,4689,4831,4684,4746,67410
2016-01-08,4675,4736,4618,4727,73168
2016-01-11,4783,4783,4650,4665,77907
2016-01-12,4618,4707,4618,4656,42376
2016-01-13,4660,4830,4660,4755,35237
2016-01-14,4717,4717,4627,4689,63191
2016-01-15,4665,4721,4618,4670,52387
2016-01-18,4603,4636,4594,4632,39967
2016-01-19,4594,4679,4537,4618,54198
2016-01-20,4589,4608,4140,4273,257132
2016-01-21,4263,4320,4174,4174,102603
2016-01-22,4187,4272,4102,4235,160245
2016-01-25,4268,4301,4230,4254,84385
2016-01-26,4192,4249,4192,4216,40009
2016-01-27,4287,4310,4178,4221,78962
2016-01-28,4230,4277,4211,4254,38740
2016-01-29,4225,4315,4225,4315,45630
2016-02-01,4315,4490,4282,4434,59420
2016-02-02,4390,4438,4300,4438,22298
2016-02-03,4452,4452,4357,4372,33900
2016-02-04,4348,4575,4348,4533,52206
2016-02-05,4585,4585,4443,4538,46409
2016-02-11,4466,4466,4282,4424,48379
2016-02-12,4428,4428,4215,4334,104629
2016-02-15,4452,4452,4107,4325,32947
2016-02-16,4334,4419,4334,4396,25437
2016-02-17,4476,4499,4372,4377,37444
2016-02-18,4428,4504,4400,4490,46420
2016-02-19,4537,4537,4442,4509,22322
2016-02-22,4556,4556,4357,4523,27383
2016-02-23,4579,4579,4452,4561,45921
2016-02-24,4566,4712,4495,4590,83374
2016-02-25,4584,4594,4537,4580,31053
2016-02-26,4604,4646,4566,4623,32155
2016-02-29,4622,4641,4584,4599,31525
2016-03-02,4593,4669,4593,4660,55384
2016-03-03,4650,4811,4641,4764,66033
2016-03-04,4812,4859,4755,4812,76221
2016-03-07,4878,4897,4812,4850,56947
2016-03-08,4840,4887,4783,4859,46919
2016-03-09,4820,4896,4820,4887,41775
2016-03-10,4906,4954,4878,4954,99616
2016-03-11,4982,4982,4897,4935,43596
2016-03-14,4934,4972,4858,4972,39875
2016-03-15,4953,4991,4859,4897,22763
2016-03-16,4896,4981,4773,4868,20908
2016-03-17,4868,4934,4859,4897,23678
2016-03-18,4896,4953,4849,4887,27716
2016-03-21,4877,4924,4801,4868,32284
2016-03-22,4868,4953,4830,4897,42229
2016-03-23,4878,4897,4840,4897,33228
2016-03-24,4896,4896,4811,4859,46870
2016-03-25,4886,4886,4783,4783,37576
2016-03-28,4792,4868,4689,4689,74120
2016-03-29,4646,4726,4646,4698,62908
2016-03-30,4764,4821,4688,4755,73446
2016-03-31,4754,4849,4754,4821,55563
2016-04-01,4821,4868,4792,4840,21132
2016-04-04,4840,4896,4736,4840,38373
2016-04-05,4811,4887,4792,4840,33259
2016-04-06,4840,4906,4793,4850,18545
2016-04-07,4859,4887,4746,4850,63408
2016-04-08,4839,4868,4735,4821,54393
2016-04-11,4877,4877,4764,4821,22452
2016-04-12,4783,4878,4783,4878,32182
2016-04-14,4906,5010,4859,4963,100188
2016-04-15,4981,5010,4868,4963,58794
2016-04-18,4981,4981,4858,4906,45567
2016-04-19,4906,4962,4887,4925,44414
2016-04-20,4981,4981,4915,4925,66826
2016-04-21,4925,4963,4887,4916,45379
2016-04-22,4906,4934,4877,4906,69460
2016-04-25,4906,5086,4896,5086,139257
2016-04-26,5171,5275,5095,5124,161580
2016-04-27,5124,5161,5039,5039,52746
2016-04-28,5114,5227,5066,5218,129964
2016-04-29,5180,5218,5133,5190,40798
2016-05-02,5170,5331,5104,5152,79446
2016-05-03,5170,5293,5113,5199,85138
2016-05-04,5180,5199,5048,5086,64218
2016-05-09,5057,5085,4896,4972,70484
2016-05-10,4915,4981,4896,4963,43258
2016-05-11,5000,5000,4887,4906,39344
2016-05-12,4878,4953,4840,4916,106542
2016-05-13,4954,5010,4868,4954,55376
2016-05-16,4953,4962,4688,4717,164640
2016-05-17,4688,4717,4504,4533,139155
2016-05-18,4533,4542,4424,4486,86556
2016-05-19,4527,4589,4395,4509,59924
2016-05-20,4532,4612,4471,4575,55536
2016-05-23,4575,4608,4542,4542,37624
2016-05-24,4509,4603,4495,4552,38242
2016-05-25,4566,4566,4518,4566,38618
2016-05-26,4585,4585,4467,4467,36740
2016-05-27,4490,4533,4466,4533,25651
2016-05-30,4537,4556,4499,4533,26324
2016-05-31,4575,4660,4519,4623,76187
2016-06-01,4603,4991,4570,4878,390757
2016-06-02,4821,4868,4679,4703,137633
2016-06-03,4698,4726,4632,4708,74977
2016-06-07,4703,4703,4580,4623,38098
2016-06-08,4641,4670,4566,4670,41335
2016-06-09,4664,4669,4574,4660,68617
2016-06-10,4683,4683,4575,4627,76052
2016-06-13,4570,4622,4523,4566,52430
2016-06-14,4608,4608,4519,4571,28589
2016-06-15,4575,4575,4499,4528,56862
2016-06-16,4490,4532,4254,4514,57766
2016-06-17,4462,4561,4448,4448,19613
2016-06-20,4490,4490,4395,4429,49677
2016-06-21,4405,4623,4405,4590,65617
2016-06-22,4518,4632,4518,4632,43802
2016-06-23,4622,4622,4480,4542,57816
2016-06-24,4631,4631,4300,4367,122094
2016-06-27,4211,4391,4211,4358,82033
2016-06-28,4258,4513,4258,4490,47562
2016-06-29,4466,4636,4466,4618,63424
2016-06-30,4632,4722,4575,4694,70934
2016-07-01,4693,4735,4631,4712,44864
2016-07-04,4712,4726,4651,4670,24897
2016-07-05,4670,4689,4603,4689,23329
2016-07-06,4688,4688,4584,4618,23517
2016-07-07,4623,4712,4604,4694,27854
2016-07-08,4722,4722,4575,4642,55699
2016-07-11,4641,4674,4580,4632,68902
2016-07-12,4664,4664,4565,4608,49025
2016-07-13,4636,4641,4570,4618,72140
2016-07-14,4618,4618,4542,4552,62426
2016-07-15,4556,4604,4542,4604,78910
2016-07-18,4707,4707,4589,4599,45081
2016-07-19,4660,4660,4542,4542,57091
2016-07-20,4580,4594,4480,4547,74616
2016-07-21,4555,4560,4499,4504,40173
2016-07-22,4490,4537,4490,4528,32246
2016-07-25,4495,4542,4490,4514,69488
2016-07-26,4519,4566,4471,4519,49614
2016-07-27,4509,4570,4499,4509,34896
2016-07-28,4509,4641,4485,4604,69586
2016-07-29,4593,4721,4593,4679,86384
2016-08-01,4679,4745,4617,4679,80941
2016-08-02,4650,4754,4650,4665,83997
2016-08-03,4632,4670,4585,4637,51178
2016-08-04,4665,4670,4589,4637,37466
2016-08-05,4703,4707,4608,4689,44538
2016-08-08,4679,4745,4679,4717,54763
2016-08-09,4693,4793,4693,4727,25624
2016-08-10,4712,4773,4660,4665,77295
2016-08-11,4670,4670,4590,4590,93721
2016-08-12,4589,4792,4589,4703,78159
2016-08-16,4655,4754,4655,4712,28944
2016-08-17,4689,4774,4651,4727,75090
2016-08-18,4735,4943,4717,4925,303897
2016-08-19,4877,4962,4821,4821,137336
2016-08-22,4821,4897,4693,4727,164127
2016-08-23,4684,4783,4684,4755,39923
2016-08-24,4726,4830,4698,4812,48021
2016-08-25,4849,5586,4802,5010,1690917
2016-08-26,4991,5019,4859,4878,242043
2016-08-29,4896,4991,4793,4793,141987
2016-08-30,4801,4934,4782,4868,92663
2016-08-31,4839,5047,4839,5029,195230
2016-09-01,5028,5123,4906,4925,161440
2016-09-02,4906,5010,4906,4944,85130
2016-09-05,4944,5058,4916,5058,143431
2016-09-06,5066,5142,5047,5095,143215
2016-09-07,5152,5209,4982,5058,253448
2016-09-08,5114,5151,4943,5029,141931
2016-09-09,5057,5057,4897,4916,69858
2016-09-12,4783,4868,4783,4821,95579
2016-09-13,4915,4925,4821,4878,18337
2016-09-19,4877,5048,4821,5048,155039
2016-09-20,5066,5104,4981,5010,112107
2016-09-21,5010,5435,4953,5105,595343
2016-09-22,5227,5227,5038,5114,136092
2016-09-23,5095,5180,5039,5058,103060
2016-09-26,5086,5086,4935,4935,131298
2016-09-27,4925,5019,4915,4944,55268
2016-09-28,4991,5038,4934,5001,55620
2016-09-29,5048,5067,4963,5067,82332
2016-09-30,5076,5142,5048,5067,160286
2016-10-04,5133,5199,5029,5058,92761
2016-10-05,5058,5086,5001,5058,59547
2016-10-06,5085,5123,5048,5067,86128
2016-10-07,5038,5057,4943,4972,69215
2016-10-10,4972,5038,4944,5001,38558
2016-10-11,5067,5067,4896,4982,37230
2016-10-12,5020,5020,4887,4954,36268
2016-10-13,4962,5038,4782,4868,106486
2016-10-14,4906,4906,4812,4850,34650
2016-10-17,4859,4877,4802,4859,53623
2016-10-18,4915,4915,4840,4859,75706
2016-10-19,4868,4877,4811,4821,31651
2016-10-20,4811,4877,4735,4764,49526
2016-10-21,4745,4802,4632,4727,107684
2016-10-24,4646,4735,4646,4684,55246
2016-10-25,4670,4722,4585,4585,65665
2016-10-26,4537,4608,4490,4519,67551
2016-10-27,4494,4632,4494,4632,26955
2016-10-28,4626,4669,4575,4575,9650
2016-10-31,4575,4575,4396,4396,46880
2016-11-01,4319,4428,4319,4367,42599
2016-11-02,4324,4390,4121,4334,136636
2016-11-03,4324,4334,4215,4334,69786
2016-11-04,4267,4338,4267,4296,20817
2016-11-07,4315,4357,4296,4339,38160
2016-11-08,4353,4386,4334,4377,20149
2016-11-09,4414,4443,4060,4169,103846
2016-11-10,4306,4310,4206,4273,31008
2016-11-11,4296,4523,4287,4443,50396
2016-11-14,4485,4575,4424,4547,30686
2016-11-15,4513,4570,4438,4542,39052
2016-11-16,4551,5161,4490,4651,456592
2016-11-17,4679,4688,4575,4632,45343
2016-11-18,4622,4627,4556,4604,32529
2016-11-21,4518,4603,4452,4452,38670
2016-11-22,4433,4503,4418,4452,19562
2016-11-23,4442,4452,4357,4419,15583
2016-11-24,4414,4419,4315,4344,29423
2016-11-25,4291,4348,4291,4339,20051
2016-11-28,4287,4367,4287,4330,20414
2016-11-29,4301,4410,4301,4382,13993
2016-11-30,4381,4565,4357,4452,24962
2016-12-01,4462,4509,4415,4434,12214
2016-12-02,4433,4504,4376,4462,20296
2016-12-05,4415,4504,4254,4278,30587
2016-12-06,4278,4405,4278,4382,18838
2016-12-07,4334,4405,4315,4339,32921
2016-12-08,4338,4409,4324,4367,15980
2016-12-09,4296,4395,4296,4334,34982
2016-12-12,4376,4428,4334,4424,40394
2016-12-13,4404,4523,4400,4523,43526
2016-12-14,4475,4570,4475,4490,31982
2016-12-15,4565,4565,4466,4495,26912
2016-12-16,4490,4570,4471,4500,36945
2016-12-19,4476,4618,4471,4571,32570
2016-12-20,4508,4650,4508,4556,26556
2016-12-21,4598,4641,4561,4613,25519
2016-12-22,4613,4670,4604,4604,31230
2016-12-23,4603,4665,4561,4585,45640
2016-12-26,4584,4636,4575,4580,71467
2016-12-27,4490,4637,4490,4571,48358
2016-12-28,4566,4689,4528,4675,61278
2016-12-29,4631,4726,4631,4712,51206
2017-01-02,4745,4745,4655,4703,46229
2017-01-03,4745,4745,4660,4717,45355
2017-01-04,4689,4736,4674,4708,28682
2017-01-05,4689,4726,4684,4689,25131
2017-01-06,4660,4712,4656,4708,21962
2017-01-09,4726,4726,4622,4684,34159
2017-01-10,4636,4683,4546,4556,44647
2017-01-11,4608,4608,4447,4495,50553
2017-01-12,4452,4537,4385,4471,71294
2017-01-13,4499,4542,4471,4481,26203
2017-01-16,4494,4527,4381,4438,29870
2017-01-17,4386,4476,4381,4443,52685
2017-01-18,4429,4537,4396,4396,24460
2017-01-19,4396,4481,4372,4396,30997
2017-01-20,4376,4475,4376,4405,20738
2017-01-23,4461,4461,4385,4419,17304
2017-01-24,4424,4471,4329,4443,29144
2017-01-25,4471,4480,4372,4410,17063
2017-01-26,4381,4443,4348,4396,29182
2017-01-31,4395,4419,4357,4372,17813
2017-02-01,4357,4456,4357,4452,25325
2017-02-02,4443,4480,4419,4443,32368
2017-02-03,4448,4457,4254,4311,43024
2017-02-06,4291,4372,4291,4339,23870
2017-02-07,4301,4348,4277,4320,19572
2017-02-08,4357,4357,4244,4254,35803
2017-02-09,4225,4291,4225,4230,12299
2017-02-10,4234,4258,4197,4216,39269
2017-02-13,4211,4329,4211,4320,50478
2017-02-14,4310,4386,4310,4377,21003
2017-02-15,4353,4433,4343,4377,20259
2017-02-16,4377,4429,4296,4330,44378
2017-02-17,4282,4414,4282,4377,17098
2017-02-20,4386,4400,4320,4377,26545
2017-02-21,4339,4386,4324,4358,37869
2017-02-22,4358,4381,4325,4344,23717
2017-02-23,4333,4390,4333,4367,20788
2017-02-24,4367,4414,4329,4367,41543
2017-02-27,4381,4381,4306,4325,20747
2017-02-28,4296,4372,4296,4330,35027
2017-03-02,4377,4377,4296,4330,10598
2017-03-03,4305,4348,4272,4301,20200
2017-03-06,4301,4301,4225,4240,23643
2017-03-07,4240,4320,4230,4292,17981
2017-03-08,4286,4319,4249,4301,6757
2017-03-09,4319,4376,4277,4348,24536
2017-03-10,4348,4381,4300,4348,28115
2017-03-13,4357,4386,4334,4372,32504
2017-03-14,4339,4419,4339,4382,48439
2017-03-15,4385,4395,4329,4334,58899
2017-03-16,4334,4381,4334,4372,30222
2017-03-17,4343,4471,4343,4443,48235
2017-03-20,4447,4490,4409,4443,22344
2017-03-21,4443,4471,4405,4443,46278
2017-03-22,4457,4457,4405,4443,18421
2017-03-23,4423,4485,4423,4457,36007
2017-03-24,4442,4868,4442,4490,278831
2017-03-27,4500,4566,4462,4467,44628
2017-03-28,4551,4594,4466,4481,75259
2017-03-29,4490,4561,4438,4538,50689
2017-03-30,4509,4575,4494,4561,28000
2017-03-31,4566,4575,4476,4519,30933
2017-04-03,4560,4594,4508,4594,34237
2017-04-04,4537,4594,4519,4519,30844
2017-04-05,4523,4579,4456,4523,26035
2017-04-06,4528,4528,4457,4467,29028
2017-04-07,4471,4556,4467,4519,25090
2017-04-10,4476,4589,4443,4467,33254
2017-04-11,4452,4518,4423,4457,33833
2017-04-12,4508,4560,4414,4490,87006
2017-04-13,4537,4537,4438,4448,18365
2017-04-14,4429,4476,4386,4434,44601
2017-04-17,4475,4499,4386,4490,15981
2017-04-18,4452,4523,4447,4523,29962
2017-04-19,4523,4556,4476,4528,17355
2017-04-20,4527,4556,4466,4542,22974
2017-04-21,4560,4560,4480,4509,20747
2017-04-24,4495,4551,4471,4495,49701
2017-04-25,4514,4660,4471,4604,68435
2017-04-26,4627,4641,4575,4618,29034
2017-04-27,4651,4651,4594,4604,31621
2017-04-28,4603,4641,4541,4627,26090
2017-05-02,4631,4655,4584,4613,27096
2017-05-04,4613,4631,4584,4613,15004
2017-05-08,4570,4603,4542,4585,43589
2017-05-10,4641,4711,4603,4660,83660
2017-05-11,4679,4703,4632,4670,57772
2017-05-12,4669,4669,4603,4632,25461
2017-05-15,4702,4702,4575,4580,20857
2017-05-16,4556,4574,4499,4556,39789
2017-05-17,4603,4603,4443,4462,49921
2017-05-18,4433,4452,4320,4415,54197
2017-05-19,4367,4519,4367,4519,30427
2017-05-22,4490,4537,4466,4509,23451
2017-05-23,4499,4532,4476,4495,11801
2017-05-24,4514,4519,4485,4519,11312
2017-05-25,4547,4556,4519,4538,26886
2017-05-26,4485,4603,4485,4580,43328
2017-05-29,4612,4617,4542,4542,42494
2017-05-30,4508,4579,4508,4542,59576
2017-05-31,4542,4584,4518,4528,32808
2017-06-01,4556,4570,4537,4566,16410
2017-06-02,4537,4603,4537,4580,23130
2017-06-05,4537,4632,4537,4585,30889
2017-06-07,4618,4622,4566,4604,43472
2017-06-08,4622,4622,4551,4556,56779
2017-06-09,4528,4575,4528,4566,41445
2017-06-12,4603,4603,4528,4533,31316
2017-06-13,4533,4580,4533,4571,16641
2017-06-14,4575,4613,4532,4566,31250
2017-06-15,4593,4593,4523,4523,22786
2017-06-16,4513,4584,4495,4547,25558
2017-06-19,4571,4599,4500,4538,50763
2017-06-20,4504,4561,4490,4533,20154
2017-06-21,4532,4532,4462,4462,23636
2017-06-22,4514,4519,4434,4434,26377
2017-06-23,4443,4471,4424,4443,15358
2017-06-26,4456,4456,4386,4405,52141
2017-06-27,4386,4433,4367,4396,24490
2017-06-28,4433,4433,4357,4386,18369
2017-06-29,4395,4395,4329,4348,50036
2017-06-30,4376,4391,4334,4391,16155
2017-07-03,4399,4418,4343,4348,26185
2017-07-04,4395,4395,4325,4344,22240
2017-07-05,4395,4395,4343,4372,17253
2017-07-06,4385,4532,4333,4367,58379
2017-07-07,4391,4391,4330,4382,18049
2017-07-10,4372,4405,4329,4391,36948
2017-07-11,4395,4395,4348,4391,22462
2017-07-12,4357,4409,4357,4391,14854
2017-07-13,4363,4963,4363,4519,1045278
2017-07-14,4480,4514,4414,4429,89436
2017-07-17,4485,4485,4367,4396,117063
2017-07-18,4480,4485,4414,4429,29170
2017-07-19,4424,4504,4419,4467,51664
2017-07-20,4471,4494,4442,4476,31914
2017-07-21,4452,4513,4442,4476,17954
2017-07-24,4523,4523,4433,4448,62547
2017-07-25,4447,4489,4438,4438,46804
2017-07-26,4438,4471,4344,4344,55824
2017-07-27,4343,4390,4324,4339,37259
2017-07-28,4329,4376,4277,4287,77817
2017-07-31,4357,4357,4229,4263,33384
2017-08-01,4253,4315,4230,4301,40334
2017-08-02,4339,4339,4235,4306,43242
2017-08-03,4329,4329,4211,4226,61063
2017-08-04,4225,4272,4192,4249,32968
2017-08-07,4225,4277,4225,4249,24879
2017-08-08,4234,4277,4215,4249,14135
2017-08-09,4281,4414,4229,4348,112681
2017-08-10,4343,4376,4282,4306,32686
2017-08-11,4253,4296,4206,4263,23458
2017-08-14,4263,4305,4235,4254,7880
2017-08-16,4320,4320,4273,4311,18469
2017-08-17,4310,4338,4206,4320,23626
2017-08-18,4320,4438,4282,4415,37807
2017-08-21,4409,4476,4409,4443,37200
2017-08-22,4442,4471,4376,4424,24662
2017-08-23,4400,4452,4400,4415,27217
2017-08-24,4414,4461,4357,4391,18078
2017-08-25,4438,4443,4339,4363,33179
2017-08-28,4363,4438,4363,4415,19202
2017-08-29,4481,4481,4396,4415,33180
2017-08-30,4362,4442,4362,4424,25829
2017-08-31,4424,4461,4414,4443,16075
2017-09-01,4443,4533,4438,4500,54162
2017-09-04,4429,4518,4358,4429,45769
2017-09-05,4442,4475,4381,4386,19306
2017-09-06,4443,4623,4377,4538,88149
2017-09-07,4660,5483,4637,4935,6409745
2017-09-08,4953,5019,4755,4793,813510
2017-09-11,4934,5246,4821,4821,2138907
2017-09-12,4849,5161,4849,5133,1373593
2017-09-13,5180,5340,5066,5095,1021306
2017-09-14,5142,5237,4982,5124,388567
2017-09-15,5114,5114,4887,4954,386769
2017-09-18,5000,5000,4802,4840,412726
2017-09-19,4858,4896,4726,4764,336858
2017-09-20,4802,4849,4703,4746,387394
2017-09-21,4726,4764,4372,4547,274718
2017-09-22,4579,4598,4357,4372,304842
2017-09-25,4362,4414,4206,4244,205621
2017-09-26,4272,4333,4158,4244,107753
2017-09-27,4263,4348,4239,4320,68292
2017-09-28,4339,4386,4287,4311,55803
2017-09-29,4310,4314,4253,4263,83361
2017-10-10,4263,4277,4174,4226,130537
2017-10-11,4230,4310,4216,4292,46932
2017-10-12,4287,4376,4277,4325,50565
2017-10-13,4300,4352,4211,4263,93449
2017-10-16,4268,4268,4183,4240,82638
2017-10-17,4244,4253,4206,4235,47198
2017-10-18,4207,4235,4159,4207,99610
2017-10-19,4187,4249,4178,4249,62466
2017-10-20,4225,4277,4216,4273,44112
2017-10-23,4272,4300,4206,4244,41250
2017-10-24,4296,4632,4240,4344,380947
2017-10-25,4395,4405,4320,4339,69997
2017-10-26,4348,4371,4263,4315,55125
2017-10-27,4305,4414,4291,4348,47463
2017-10-30,4371,4376,4291,4320,61769
2017-10-31,4286,4371,4281,4348,71493
2017-11-01,4377,4443,4325,4396,108628
2017-11-02,4433,4523,4348,4391,110493
2017-11-03,4466,4518,4391,4415,81020
2017-11-06,4414,4471,4377,4429,35201
2017-11-07,4424,4509,4424,4443,50793
2017-11-08,4499,4589,4414,4556,121777
2017-11-09,4589,4589,4508,4556,44688
2017-11-10,4575,4575,4476,4476,42651
2017-11-13,4475,4475,4367,4438,80799
2017-11-14,4433,4490,4405,4457,51094
2017-11-15,4480,4528,4414,4443,76870
2017-11-16,4442,4485,4414,4471,72045
2017-11-17,4471,4537,4452,4509,79014
2017-11-20,4504,4665,4494,4632,211503
2017-11-21,4655,4665,4542,4585,100163
2017-11-22,4584,4693,4556,4679,169688
2017-11-23,4693,4703,4641,4670,71064
2017-11-24,4688,4688,4565,4632,103972
2017-11-27,4603,4613,4509,4533,58262
2017-11-28,4532,4570,4443,4481,78806
2017-11-29,4513,4560,4461,4523,36260
2017-11-30,4537,4537,4481,4481,48915
2017-12-01,4528,4528,4391,4481,46113
2017-12-04,4452,4504,4376,4419,50511
2017-12-05,4419,4471,4357,4424,62679
2017-12-06,4457,4457,4377,4396,36786
2017-12-07,4443,4443,4301,4396,72698
2017-12-08,4353,4353,4268,4273,65510
2017-12-11,4263,4348,4244,4339,27454
2017-12-12,4281,4348,4281,4315,13732
2017-12-13,4272,4395,4258,4306,48668
2017-12-14,4306,4320,4254,4311,69381
2017-12-15,4314,4314,4253,4296,50844
2017-12-18,4267,4296,4244,4282,51508
2017-12-19,4310,4310,4197,4249,53993
2017-12-20,4211,4239,4159,4202,71966
2017-12-21,4178,4225,4159,4197,86046
2017-12-22,4220,4220,4159,4211,53344
2017-12-26,4201,4229,4173,4211,32504
2017-12-27,4211,4249,4211,4249,21171
2017-12-28,4248,4248,4182,4197,56847
2018-01-02,4272,4329,4230,4268,52469
2018-01-03,4263,4405,4254,4377,87942
2018-01-04,4377,4405,4334,4363,53730
2018-01-05,4329,4396,4329,4363,33997
2018-01-08,4362,4371,4258,4296,59596
2018-01-09,4273,4325,4259,4259,34447
2018-01-10,4253,4305,4230,4287,37478
2018-01-11,4286,4286,4234,4282,41639
2018-01-12,4258,4300,4234,4244,65541
2018-01-15,4230,4282,4225,4240,34607
2018-01-16,4253,4272,4206,4235,36026
2018-01-17,4267,4267,4215,4249,27227
2018-01-18,4244,4263,4225,4259,30440
2018-01-19,4259,4329,4221,4311,65544
2018-01-22,4320,4334,4287,4287,58874
2018-01-23,4315,4330,4263,4330,61500
2018-01-24,4329,4461,4315,4410,133848
2018-01-25,4433,4523,4386,4500,131061
2018-01-26,4500,4523,4457,4486,76792
2018-01-29,4490,4575,4471,4547,148850
2018-01-30,4528,4570,4490,4519,83631
2018-01-31,4509,4519,4471,4486,63721
2018-02-01,4523,4646,4490,4632,209957
2018-02-02,4631,4665,4490,4528,109386
2018-02-05,4433,4485,4377,4429,109443
2018-02-06,4311,4339,4140,4330,151316
2018-02-07,4338,4399,4291,4296,56909
2018-02-08,4348,4362,4273,4325,31764
2018-02-09,4291,4291,4201,4211,76774
2018-02-12,4240,4273,4207,4207,51704
2018-02-13,4234,4234,4177,4211,57888
2018-02-14,4211,4226,4159,4226,46584
2018-02-19,4230,4287,4216,4273,54678
2018-02-20,4272,4291,4206,4249,41826
2018-02-21,4225,4287,4206,4254,48272
2018-02-22,4253,4258,4201,4216,60265
2018-02-23,4244,4244,4187,4216,58633
2018-02-26,4211,4234,4196,4211,35156
2018-02-27,4207,4235,4188,4207,38587
2018-02-28,4225,4225,4169,4174,46306
2018-03-02,4168,4206,4159,4183,40456
2018-03-05,4183,4216,4173,4188,43617
2018-03-06,4192,4220,4164,4202,27587
2018-03-07,4301,4708,4263,4382,872132
2018-03-08,4358,4537,4287,4434,223850
2018-03-09,4594,4594,4438,4495,371536
2018-03-12,4570,4627,4518,4547,215151
2018-03-13,4513,4513,4405,4462,106914
2018-03-14,4462,4462,4353,4363,97549
2018-03-15,4353,4386,4329,4358,56513
2018-03-16,4381,4466,4344,4415,96602
2018-03-19,4480,4651,4428,4566,546204
2018-03-20,4566,4627,4490,4571,158474
2018-03-21,4613,4963,4575,4793,1123664
2018-03-22,4811,4820,4617,4665,490983
2018-03-23,4556,4641,4396,4415,329614
2018-03-26,4414,4480,4300,4471,156774
2018-03-27,4485,4594,4443,4547,145069
2018-03-28,4499,4801,4466,4679,651827
2018-03-29,4702,4754,4574,4608,222445
2018-03-30,4613,4683,4608,4613,94746
2018-04-02,4613,4632,4504,4519,124156
2018-04-03,4504,4570,4462,4552,105624
2018-04-04,4556,4783,4556,4665,492181
2018-04-05,4726,4726,4613,4613,177270
2018-04-06,4632,4632,4495,4533,115794
2018-04-09,4518,4565,4447,4462,145491
2018-04-10,4537,4537,4405,4500,95702
2018-04-11,4499,4589,4442,4575,128055
2018-04-12,4584,4636,4551,4594,97890
2018-04-13,4603,4679,4598,4679,225950
2018-04-16,4754,5028,4745,4906,1081224
2018-04-17,4972,5095,4877,4906,449262
2018-04-18,4991,5028,4811,4991,510930
2018-04-19,5105,5464,5029,5124,1485240
2018-04-20,5199,5388,5057,5351,796941
2018-04-23,5605,5633,5274,5322,719232
2018-04-24,5369,5388,5019,5114,375040
2018-04-25,5028,5246,4943,5076,349061
2018-04-26,5076,5218,5020,5162,270153
2018-04-27,5170,5265,5123,5218,174548
2018-04-30,5539,6088,5435,5814,2053440
2018-05-02,5974,6144,5728,6003,995143
2018-05-03,6002,6002,5700,5804,408698
2018-05-04,5804,6031,5719,5937,295454
2018-05-08,5813,5908,5587,5587,355113
2018-05-09,5634,5747,5369,5540,539310
2018-05-10,5710,5814,5578,5786,264850
2018-05-11,5927,5927,5690,5861,260815
2018-05-14,5918,6050,5871,5975,444378
2018-05-15,6230,6702,6154,6476,2105548
2018-05-16,6107,6163,5672,5729,1180888
2018-05-17,5729,5993,5625,5682,737631
2018-05-18,5691,5861,5549,5814,334374
2018-05-21,5861,5861,5435,5521,447953
2018-05-23,5416,5548,5199,5407,451798
2018-05-24,5407,5511,5152,5266,307368
2018-05-25,4754,4991,4650,4821,539762
2018-05-28,5436,5927,5350,5748,1301425
2018-05-29,5851,5851,5275,5417,509991
2018-05-30,5483,5549,5275,5436,242895
2018-05-31,5426,5634,5369,5521,326734
2018-06-01,5586,5653,5284,5360,347681
2018-06-04,5435,5473,5104,5190,275628
2018-06-05,5190,5237,5048,5228,164894
2018-06-07,5256,5256,5123,5171,152695
2018-06-08,5170,5170,5000,5010,228409
2018-06-11,5010,5199,5010,5171,183245
2018-06-12,5246,5265,4962,5095,250248
2018-06-14,5001,5067,4703,4746,327818
2018-06-15,4755,4868,4746,4850,150666
2018-06-18,4859,4972,4773,4859,166282
2018-06-19,4915,5057,4755,4812,264477
2018-06-20,4783,5076,4727,5039,170646
2018-06-21,5142,5246,4962,4991,252983
2018-06-22,5057,5085,4773,4859,197519
2018-06-25,4877,4877,4726,4821,85150
2018-06-26,4821,4821,4632,4670,164334
2018-06-27,4636,4683,4461,4509,239402
2018-06-28,4424,4575,4405,4410,130355
2018-06-29,4410,4585,4311,4467,141576
2018-07-02,4466,4508,4296,4301,118643
2018-07-03,4306,4391,4226,4330,117823
2018-07-04,4329,4357,4277,4339,54495
2018-07-05,4348,4367,4206,4254,83385
2018-07-06,4253,4376,4178,4353,78079
2018-07-09,4272,4272,4145,4164,177452
2018-07-10,4164,4268,4164,4254,70294
2018-07-11,4253,4386,4211,4301,115058
2018-07-12,4329,4433,4301,4429,96206
2018-07-13,4414,4462,4372,4448,63268
2018-07-16,4461,4466,4404,4438,29469
2018-07-17,4461,4461,4409,4457,29738
2018-07-18,4457,4461,4272,4358,58691
2018-07-19,4358,4395,4254,4273,46741
2018-07-20,4215,4367,4215,4282,55049
2018-07-23,4234,4291,4182,4197,66378
2018-07-24,4178,4291,4178,4254,121378
2018-07-25,4239,4287,4173,4221,97327
2018-07-26,4207,4334,4197,4311,84646
2018-07-27,4310,4409,4263,4386,70378
2018-07-30,4348,4452,4329,4396,41922
2018-07-31,4405,4405,4244,4292,84112
2018-08-01,4296,4319,4253,4301,53287
2018-08-02,4301,4419,4286,4301,51897
2018-08-03,4300,4348,4258,4348,41101
2018-08-06,4357,4399,4305,4348,48956
2018-08-07,4381,4381,4287,4363,35870
2018-08-08,4334,4381,4315,4330,52325
2018-08-09,4319,4371,4267,4296,53210
2018-08-10,4348,4424,4301,4382,167879
2018-08-13,4381,4424,4187,4202,116834
2018-08-14,4192,4254,4159,4207,81205
2018-08-16,4225,4273,4173,4240,113042
2018-08-17,4225,4339,4192,4292,86086
2018-08-20,4329,4343,4268,4292,47763
2018-08-21,4296,4339,4273,4292,55193
2018-08-22,4320,4324,4258,4306,37670
2018-08-23,4277,4320,4254,4273,66087
2018-08-24,4282,4296,4202,4226,81399
2018-08-27,4183,4183,4121,4150,103155
2018-08-28,4177,4206,4064,4140,150250
2018-08-29,4055,4140,4055,4131,72082
2018-08-30,4130,4225,4111,4140,128654
2018-08-31,4140,4168,4093,4093,143234
2018-09-03,4102,4182,4102,4131,53494
2018-09-04,4121,4155,4112,4155,42436
2018-09-05,4173,4182,4121,4159,68781
2018-09-06,4169,4363,4159,4226,394710
2018-09-07,4230,4263,4201,4230,84221
2018-09-10,4281,4357,4248,4348,107386
2018-09-11,4424,4424,4306,4325,113317
2018-09-12,4367,4367,4292,4344,60521
2018-09-13,4324,4376,4315,4315,50082
2018-09-14,4338,4362,4258,4301,49950
2018-09-17,4311,4344,4268,4330,46202
2018-09-18,4344,4377,4273,4363,49246
2018-09-19,4362,4371,4173,4192,104567
2018-09-20,4244,4258,4069,4112,137322
2018-09-21,4117,4202,4079,4174,85217
2018-09-27,4197,4244,4192,4216,71593
2018-09-28,4173,4225,4154,4188,102048
2018-10-01,4197,4225,4140,4216,35260
2018-10-02,4240,4240,4145,4207,65363
2018-10-04,4239,4249,4079,4117,85896
2018-10-05,4168,4230,3979,4041,208391
2018-10-08,4026,4026,3937,3937,91156
2018-10-10,3838,3871,3602,3602,202313
2018-10-11,3337,3516,3261,3290,202281
2018-10-12,3129,3346,3124,3337,188008
2018-10-15,3322,3384,3261,3271,62880
2018-10-16,3275,3393,3261,3356,66580
2018-10-17,3389,3474,3384,3460,46364
2018-10-18,3450,3554,3403,3531,59443
2018-10-19,3497,3544,3449,3516,19053
2018-10-22,3497,3497,3360,3412,49247
2018-10-23,3374,3407,3251,3280,77061
2018-10-24,3285,3332,3115,3167,135027
2018-10-25,2977,3114,2977,3067,89660
2018-10-26,3071,3095,2906,2949,103063
2018-10-29,2864,3053,2684,2765,133990
2018-10-30,2471,2802,2471,2765,173776
2018-10-31,2821,2869,2722,2836,135368
2018-11-01,2930,3024,2896,2930,56377
2018-11-02,2939,3147,2939,3129,93300
2018-11-05,3148,3148,3025,3063,44034
2018-11-06,3114,3151,3038,3100,28692
2018-11-07,3100,3166,2986,3100,63340
2018-11-08,3133,3137,3071,3119,30282
2018-11-09,3129,3370,3072,3129,177982
2018-11-12,3119,3138,3006,3011,47333
2018-11-13,2925,3000,2877,2996,81655
2018-11-14,3001,3081,2977,3025,35290
2018-11-15,2977,3048,2967,3034,23975
2018-11-16,3057,3057,2972,3006,51886
2018-11-19,2986,3052,2986,3048,64752
2018-11-20,3015,3034,2996,3011,33752
2018-11-21,3005,3010,2967,2982,28407
2018-11-22,3001,3001,2925,2954,53801
2018-11-23,2977,2996,2925,2949,20012
2018-11-26,2977,2982,2934,2949,22053
2018-11-27,2949,2963,2897,2945,23778
2018-11-28,2968,2968,2878,2935,33392
2018-11-29,2963,3053,2940,2959,82182
2018-11-30,2944,3006,2939,2973,41244
2018-12-03,2987,3034,2977,3006,31803
2018-12-04,3006,3167,2968,3082,100483
2018-12-05,2986,3086,2972,3053,36682
2018-12-06,3053,3053,2939,2968,36772
2018-12-07,2968,3058,2968,3058,49304
2018-12-10,3039,3039,2921,2926,81643
2018-12-11,2949,2949,2859,2916,63979
2018-12-12,3076,3086,2901,2935,124657
2018-12-13,2939,2991,2911,2968,53825
2018-12-14,2977,2986,2911,2930,21507
2018-12-17,2901,2925,2864,2883,45613
2018-12-18,2845,2892,2826,2855,38361
2018-12-19,2874,2926,2855,2893,41434
2018-12-20,2892,2929,2859,2878,33635
2018-12-21,2883,2887,2826,2836,42148
2018-12-24,2854,2854,2798,2803,46757
2018-12-26,2793,2798,2708,2732,40195
2018-12-27,2736,2779,2722,2770,40107
2018-12-28,2779,2859,2760,2836,25748
2019-01-02,2854,2883,2793,2803,38114
2019-01-03,2830,2859,2793,2812,72235
2019-01-04,2774,2849,2774,2831,41733
2019-01-07,2844,3024,2844,2963,146534
2019-01-08,2963,3044,2959,3011,94264
2019-01-09,3015,3171,3015,3115,211075
2019-01-10,3147,3171,3086,3105,91293
2019-01-11,3105,3180,3057,3157,154831
2019-01-14,3162,3195,3086,3181,135501
2019-01-15,3204,3204,3124,3200,102815
2019-01-16,3228,3261,3171,3252,113508
2019-01-17,3279,3279,3199,3204,57043
2019-01-18,3204,3275,3119,3233,97222
2019-01-21,3237,3445,3232,3280,224488
2019-01-22,3289,3355,3232,3275,105216
2019-01-23,3299,3317,3218,3299,84859
2019-01-24,3266,3337,3261,3271,64469
2019-01-25,3299,3336,3223,3299,67606
2019-01-28,3317,3350,3308,3332,42172
2019-01-29,3336,3336,3242,3280,73123
2019-01-30,3308,3345,3227,3275,40851
2019-01-31,3289,3346,3247,3247,59509
2019-02-01,3251,3346,3251,3346,67361
2019-02-07,3341,3539,3341,3516,247335
2019-02-08,3525,3539,3435,3521,121148
2019-02-11,3544,3544,3464,3488,61592
2019-02-12,3440,3587,3440,3507,102475
2019-02-13,3587,3592,3474,3531,80095
2019-02-14,3526,3578,3464,3493,86260
2019-02-15,3516,3516,3426,3493,58311
2019-02-18,3497,3535,3473,3488,60239
2019-02-19,3535,3535,3474,3479,58664
2019-02-20,3449,3492,3449,3464,35862
2019-02-21,3487,3487,3431,3450,48913
2019-02-22,3450,3568,3440,3526,85498
2019-02-25,3559,3559,3507,3531,53002
2019-02-26,3535,3559,3507,3531,63744
2019-02-27,3535,3668,3502,3602,95179
2019-02-28,3649,3649,3318,3323,129912
2019-03-04,3327,3402,3298,3346,109107
2019-03-05,3374,3374,3270,3304,66681
2019-03-06,3284,3502,3284,3502,174048
2019-03-07,3469,3639,3403,3493,189643
2019-03-08,3516,3516,3369,3469,87132
2019-03-11,3398,3440,3351,3403,40271
2019-03-12,3544,3544,3332,3370,116993
2019-03-13,3398,3398,3285,3356,39666
2019-03-14,3355,3393,3322,3384,44765
2019-03-15,3379,3379,3171,3233,156748
2019-03-18,3232,3247,3180,3214,64900
2019-03-19,3223,3223,3156,3190,82635
2019-03-20,3190,3200,3148,3186,39301
2019-03-21,3204,3209,3124,3167,50366
2019-03-22,3142,3189,3119,3138,21144
2019-03-25,3119,3138,3025,3030,36471
2019-03-26,3053,3081,3006,3006,26042
2019-03-27,3025,3110,2977,3044,37557
2019-03-28,3043,3043,2982,2987,20292
2019-03-29,3010,3039,2968,3006,81838
2019-04-01,3005,3105,2986,3105,47099
2019-04-02,3124,3143,3100,3129,16309
2019-04-03,3152,3161,2944,3138,62388
2019-04-04,3157,3157,3100,3148,27519
2019-04-05,3152,3209,3143,3195,42632
2019-04-08,3228,3232,3190,3195,29609
2019-04-09,3209,3214,3143,3200,23226
2019-04-10,3166,3214,3138,3200,40954
2019-04-11,3208,3232,3166,3204,55706
2019-04-12,3214,3214,3167,3167,22305
2019-04-15,3185,3185,3142,3171,51060
2019-04-16,3124,3185,3119,3176,24929
2019-04-17,3175,3213,3175,3204,34123
2019-04-18,3218,3218,3167,3167,37074
2019-04-19,3162,3209,3138,3186,26773
2019-04-22,3175,3218,3175,3204,47455
2019-04-23,3195,3228,3162,3214,56416
2019-04-24,3251,3251,3199,3214,47728
2019-04-25,3214,3228,3181,3200,42360
2019-04-26,3214,3242,3180,3214,56576
2019-04-29,3228,3304,3214,3304,87630
2019-04-30,3327,3355,3284,3346,66119
2019-05-02,3360,3369,3299,3318,49106
2019-05-03,3336,3336,3270,3318,63424
2019-05-07,3279,3303,3237,3256,34836
2019-05-08,3233,3251,3185,3233,42633
2019-05-09,3260,3260,3104,3152,63350
2019-05-10,3162,3162,3025,3115,37283
2019-05-13,3104,3104,2996,3001,55864
2019-05-14,2911,3001,2911,3001,30623
2019-05-15,3015,3024,2977,3001,47961
2019-05-16,3015,3015,2930,2940,53454
2019-05-17,2958,2968,2935,2935,42026
2019-05-20,2949,2949,2878,2893,34508
2019-05-21,2869,2921,2864,2921,20981
2019-05-22,2935,2968,2892,2921,31390
2019-05-23,2887,2944,2882,2916,32319
2019-05-24,2925,2925,2835,2864,70887
2019-05-27,2840,2878,2826,2874,59712
2019-05-28,2845,2916,2845,2916,44644
2019-05-29,2874,2921,2831,2893,40098
2019-05-30,2892,2902,2835,2869,40422
2019-05-31,2878,2893,2855,2893,17972
2019-06-03,2893,2902,2864,2893,22790
2019-06-04,2893,2902,2845,2893,35920
2019-06-05,2906,2963,2896,2963,38820
2019-06-07,2939,3058,2939,3058,41715
2019-06-10,3076,3100,3019,3086,33500
2019-06-11,3100,3124,3029,3124,59194
2019-06-12,3124,3133,3090,3124,23065
2019-06-13,3128,3133,3091,3110,18704
2019-06-14,3100,3142,3086,3138,69632
2019-06-17,3143,3143,3100,3143,16629
2019-06-18,3090,3161,3090,3138,24295
2019-06-19,3147,3161,3091,3143,21602
2019-06-20,3147,3152,3091,3143,29454
2019-06-21,3143,3152,3095,3129,17978
2019-06-24,3143,3152,3086,3115,30993
2019-06-25,3128,3128,3062,3100,30452
2019-06-26,3110,3110,3062,3077,15990
2019-06-27,3086,3086,3048,3063,14681
2019-06-28,3034,3071,2991,3034,27528
2019-07-01,3048,3072,3015,3063,33823
2019-07-02,3029,3057,3010,3020,24081
2019-07-03,3019,3057,3005,3034,20529
2019-07-04,3043,3086,3034,3077,22286
2019-07-05,3076,3350,3057,3100,256161
2019-07-08,3114,3171,3001,3044,123366
2019-07-09,2987,3020,2973,2973,61337
2019-07-10,2972,2986,2944,2968,30525
2019-07-11,2968,2982,2940,2978,33476
2019-07-12,2991,3020,2968,3006,10780
2019-07-15,3015,3015,2986,3001,17639
2019-07-16,2977,3020,2949,3006,40578
2019-07-17,3006,3015,2944,2959,22787
2019-07-18,2925,3015,2907,2959,87982
2019-07-19,2968,2996,2920,2968,25166
2019-07-22,2967,2967,2925,2949,25135
2019-07-23,2949,2949,2878,2907,53644
2019-07-24,2906,2911,2831,2869,70363
2019-07-25,2863,2863,2708,2812,50181
2019-07-26,2812,2812,2699,2751,35812
2019-07-29,2722,2788,2528,2552,184583
2019-07-30,2604,2703,2589,2623,124811
2019-07-31,2618,2651,2551,2637,42408
2019-08-01,2642,2642,2575,2642,31680
2019-08-02,2580,2646,2575,2637,26027
2019-08-05,2585,2599,2330,2354,80645
2019-08-06,2126,2339,2126,2212,229546
2019-08-07,2174,2297,2174,2250,78402
2019-08-08,2264,2410,2264,2406,89551
2019-08-09,2424,2448,2320,2406,24658
2019-08-12,2372,2439,2358,2439,36593
2019-08-13,2387,2491,2387,2458,23004
2019-08-14,2462,2529,2458,2529,30542
2019-08-16,2585,2599,2528,2571,68971
2019-08-19,2556,2708,2556,2675,55323
2019-08-20,2651,2707,2646,2703,34854
2019-08-21,2722,2750,2703,2732,25082
2019-08-22,2759,2759,2693,2722,26719
2019-08-23,2722,2722,2661,2685,29074
2019-08-26,2647,2647,2552,2633,74286
2019-08-27,2646,2764,2636,2670,41769
2019-08-28,2675,2684,2632,2666,22593
2019-08-29,2665,2689,2642,2680,14042
2019-08-30,2693,2722,2679,2722,15258
2019-09-02,2736,2755,2675,2751,22235
2019-09-03,2764,2797,2717,2793,27456
2019-09-04,2751,2812,2751,2803,10493
2019-09-05,2826,2826,2774,2784,17172
2019-09-06,2826,2902,2793,2841,31075
2019-09-09,2897,2902,2788,2836,42341
2019-09-10,2883,2911,2840,2888,44810
2019-09-11,2916,2920,2868,2883,23473
2019-09-16,2925,3015,2906,3006,70525
2019-09-17,2982,3053,2958,3053,42203
2019-09-18,3043,3152,2996,3129,73579
2019-09-19,3119,3242,3119,3233,137344
2019-09-20,3299,3299,3181,3200,66608
2019-09-23,3242,3270,3138,3252,38918
2019-09-24,3194,3241,3161,3204,62274
2019-09-25,3200,3275,2982,3082,52468
2019-09-26,3081,3157,2977,3011,46004
2019-09-27,3086,3086,2963,3006,41807
2019-09-30,3005,3005,2939,2982,39814
2019-10-01,2944,3081,2930,2987,48193
2019-10-02,3034,3034,2935,2987,11396
2019-10-04,2982,2982,2921,2973,20581
2019-10-07,3001,3001,2883,2935,21564
2019-10-08,2996,3025,2878,2992,36318
2019-10-10,2996,3033,2944,2996,25337
2019-10-11,2991,3024,2934,2996,22606
2019-10-14,3011,3015,2944,2978,22196
2019-10-15,2949,3005,2930,3001,32782
2019-10-16,3024,3043,2977,2996,15642
2019-10-17,3029,3029,2930,2959,23743
2019-10-18,3006,3006,2944,2973,14434
2019-10-21,3000,3000,2906,2949,22308
2019-10-22,2915,2981,2882,2963,19421
2019-10-23,2968,2973,2916,2959,7275
2019-10-24,3005,3005,2911,2954,5456
2019-10-25,2986,2986,2859,2930,40773
2019-10-28,2930,2973,2902,2926,32494
2019-10-29,2925,2948,2892,2930,28430
2019-10-30,2939,2948,2901,2930,18755
2019-10-31,2892,2968,2888,2907,28442
2019-11-01,2902,2921,2888,2907,10588
2019-11-04,2939,2977,2887,2916,12316
2019-11-05,2920,2967,2906,2949,26759
2019-11-06,2930,2967,2930,2949,30719
2019-11-07,2930,2972,2920,2949,46474
2019-11-08,2968,2968,2902,2954,11795
2019-11-11,2954,2977,2916,2954,14532
2019-11-12,2954,3006,2944,2992,45640
2019-11-13,2991,3204,2972,3001,153494
2019-11-14,3015,3048,2977,3006,45593
2019-11-15,3043,3072,2977,3006,49631
2019-11-18,3006,3034,2973,2992,34007
2019-11-19,2991,3015,2920,3001,46624
2019-11-20,2958,2996,2920,2930,25565
2019-11-21,2930,2991,2845,2916,36512
2019-11-22,2916,2959,2869,2926,22385
2019-11-25,2930,2958,2882,2916,35501
2019-11-26,2920,2934,2887,2911,54969
2019-11-27,2930,2953,2887,2930,27345
2019-11-28,2958,2958,2882,2930,45862
2019-11-29,2930,2944,2859,2902,22897
2019-12-02,2901,2944,2863,2897,31110
2019-12-03,2906,2906,2854,2897,36034
2019-12-04,2944,2944,2835,2864,55557
2019-12-05,2882,2901,2830,2864,40689
2019-12-06,2840,3615,2826,3190,7659558
2019-12-09,3157,3389,2987,3011,3574908
2019-12-10,2977,2991,2897,2897,473477
2019-12-11,2910,2948,2859,2859,360364
2019-12-12,2855,2959,2855,2893,263753
2019-12-13,2907,2977,2883,2959,185767
2019-12-16,2996,3019,2901,2911,191254
2019-12-17,2892,2944,2882,2911,80611
2019-12-18,2911,2940,2892,2907,72855
2019-12-19,2907,2944,2888,2907,60572
2019-12-20,2921,2926,2874,2893,69330
2019-12-23,2887,2906,2831,2831,145187
2019-12-24,2831,2845,2779,2784,90350
2019-12-26,2755,2821,2755,2798,62310
2019-12-27,2788,2888,2788,2855,35754
2019-12-30,2873,2906,2844,2859,54547
2020-01-02,2859,2893,2859,2893,45587
2020-01-03,2878,2916,2869,2888,26548
2020-01-06,2878,2887,2826,2836,47625
2020-01-07,2845,2878,2835,2869,40739
2020-01-08,2873,2896,2750,2755,69473
2020-01-09,2764,2849,2764,2831,43763
2020-01-10,2864,2883,2822,2841,44404
2020-01-13,2817,2874,2817,2841,19046
2020-01-14,2855,2883,2817,2841,31784
2020-01-15,2840,2883,2821,2850,79329
2020-01-16,2864,2991,2835,2954,342553
2020-01-17,2959,3053,2954,2978,187185
2020-01-20,2967,3005,2901,2949,69861
2020-01-21,2916,3020,2916,2935,70607
2020-01-22,2916,2987,2916,2987,52999
2020-01-23,2977,3015,2954,3006,89514
2020-01-28,2949,2954,2868,2954,71427
2020-01-29,2972,3034,2958,3034,209783
2020-01-30,3029,3043,2925,2973,72821
2020-01-31,2958,3024,2906,3020,151646
2020-02-03,2901,3005,2882,2968,87190
2020-02-04,2954,3081,2954,3025,142284
2020-02-05,3067,3133,3034,3129,206627
2020-02-06,3156,3204,3086,3138,180394
2020-02-07,3157,3157,3043,3072,113767
2020-02-10,3048,3133,3043,3091,179889
2020-02-11,3091,3180,3091,3129,218831
2020-02-12,3166,3166,3053,3072,130784
2020-02-13,3062,3095,2982,2992,138503
2020-02-14,2977,3019,2958,2996,67074
2020-02-17,2996,3005,2963,2987,23867
2020-02-18,2986,2996,2930,2935,56646
2020-02-19,2968,2977,2887,2921,71074
2020-02-20,2930,2958,2868,2883,71487
2020-02-21,2892,2930,2788,2836,119394
2020-02-24,2821,2821,2632,2656,107178
2020-02-25,2595,2722,2552,2699,93091
2020-02-26,2651,2722,2623,2694,58529
2020-02-27,2698,2727,2590,2642,75818
2020-02-28,2566,2618,2462,2477,82879
2020-03-02,2439,2547,2401,2491,84140
2020-03-03,2523,2599,2523,2552,43655
2020-03-04,2523,2637,2523,2623,25878
2020-03-05,2656,2693,2627,2675,37653
2020-03-06,2674,2674,2589,2623,45538
2020-03-09,2627,2627,2433,2443,105940
2020-03-10,2382,2453,2363,2439,109125
2020-03-11,2447,2485,2273,2325,70354
2020-03-12,2316,2316,2098,2179,224097
2020-03-13,1985,2103,1729,1900,240237
2020-03-16,1937,2055,1796,1796,211277
2020-03-17,1701,1838,1663,1749,90489
2020-03-18,1757,1838,1658,1701,115017
2020-03-19,1677,1748,1295,1347,214389
2020-03-20,1337,1474,1332,1432,287403
2020-03-23,1303,1369,1076,1162,1568287
2020-03-24,1209,1252,1162,1243,568231
2020-03-25,1317,1502,1294,1403,748291
2020-03-26,1431,1540,1389,1493,353309
2020-03-27,1559,1640,1484,1555,226504
2020-03-30,1531,1583,1474,1569,120306
2020-03-31,1611,1790,1606,1701,372555
2020-04-01,1696,1753,1635,1640,247164
2020-04-02,1626,1758,1583,1697,228554
2020-04-03,1738,1776,1653,1734,201497
2020-04-06,1739,2032,1739,1938,407488
2020-04-07,1994,2037,1937,2004,264258
2020-04-08,2027,2089,1947,2061,209345
2020-04-09,2089,2136,2060,2108,169112
2020-04-10,2093,2135,2008,2079,135305
2020-04-13,2084,2084,1952,1952,164892
2020-04-14,1985,2027,1970,1985,181452
2020-04-16,1985,2107,1947,2089,188191
2020-04-17,2174,2174,2112,2146,143865
2020-04-20,2173,2258,2126,2235,223119
2020-04-21,2249,2344,2041,2174,380260
2020-04-22,2135,2202,2069,2202,130303
2020-04-23,2268,2268,2211,2245,121264
2020-04-24,2245,2259,2108,2217,98754
2020-04-27,2216,2249,2192,2235,142609
2020-04-28,2254,2254,2193,2250,163916
2020-04-29,2249,2291,2230,2273,138918
2020-05-04,2287,2292,2235,2278,73796
2020-05-06,2268,2330,2268,2297,118094
2020-05-07,2278,2420,2278,2406,174528
2020-05-08,2457,2485,2348,2391,110424
2020-05-11,2367,2405,2310,2358,70025
2020-05-12,2339,2391,2254,2306,94571
2020-05-13,2302,2349,2240,2302,51496
2020-05-14,2291,2296,2239,2254,51968
2020-05-15,2269,2297,2250,2269,40247
2020-05-18,2315,2320,2259,2278,67555
2020-05-19,2306,2386,2296,2358,177032
2020-05-20,2363,2396,2353,2387,103667
2020-05-21,2429,2429,2372,2401,148460
2020-05-22,2622,2788,2400,2448,913661
2020-05-25,2476,2504,2452,2486,105009
2020-05-26,2481,2524,2457,2491,105120
2020-05-27,2537,2542,2476,2500,133546
2020-05-28,2485,2911,2485,2604,1998469
2020-05-29,2590,2675,2543,2666,376515
2020-06-01,2693,2707,2622,2656,180504
2020-06-02,2693,2702,2641,2651,189500
2020-06-03,2666,2807,2651,2718,410050
2020-06-04,2722,2769,2641,2689,140199
2020-06-05,2679,2821,2656,2727,254489
2020-06-08,2760,2788,2713,2732,166941
2020-06-09,2727,2769,2698,2732,158320
2020-06-10,2703,2731,2670,2727,98504
2020-06-11,2703,2713,2642,2647,149580
2020-06-12,2505,2580,2391,2576,192046
2020-06-15,2562,2590,2396,2477,145107
2020-06-16,2476,2551,2476,2533,105906
2020-06-17,2505,2566,2476,2505,94959
2020-06-18,2552,2552,2372,2524,57156
2020-06-19,2495,2546,2391,2495,107384
2020-06-22,2495,2518,2457,2495,45592
2020-06-23,2514,2547,2472,2491,51356
2020-06-24,2528,2528,2467,2505,105285
2020-06-25,2476,2490,2419,2467,54757
2020-06-26,2466,2495,2447,2481,37309
2020-06-29,2500,2500,2410,2439,29292
2020-06-30,2448,2495,2429,2458,53544
2020-07-01,2500,2500,2420,2439,34790
2020-07-02,2428,2476,2386,2410,75979
2020-07-03,2410,2481,2400,2481,74224
2020-07-06,2457,2528,2457,2505,119727
2020-07-07,2523,2632,2514,2618,241979
2020-07-08,2618,2646,2542,2585,99736
2020-07-09,2594,2603,2570,2585,58676
2020-07-10,2585,2599,2514,2552,51179
2020-07-13,2561,2816,2518,2651,294575
2020-07-14,2617,2660,2457,2547,187689
2020-07-15,2557,2628,2552,2614,102955
2020-07-16,2618,2642,2552,2595,98625
2020-07-17,2585,2613,2561,2576,34862
2020-07-20,2589,2627,2547,2604,92646
2020-07-21,2575,2627,2504,2604,266179
2020-07-22,2603,2726,2594,2703,415451
2020-07-23,2740,2764,2632,2670,175590
2020-07-24,2669,2679,2608,2651,86738
2020-07-27,2641,2736,2622,2637,96393
2020-07-28,2670,2788,2646,2670,197284
2020-07-29,2674,2707,2646,2689,67989
2020-07-30,2689,2732,2675,2685,98071
2020-07-31,2684,2712,2618,2694,135925
2020-08-03,2726,2726,2608,2637,95597
2020-08-04,2617,2674,2565,2599,193626
2020-08-05,2604,2670,2580,2623,112457
2020-08-06,2632,2656,2609,2647,79433
2020-08-07,2647,2689,2623,2647,83253
2020-08-10,2670,2703,2627,2675,176984
2020-08-11,2684,2996,2684,2883,3459394
2020-08-12,2864,2883,2750,2836,488769
2020-08-13,2863,2911,2797,2878,488785
2020-08-14,2873,2902,2722,2770,328826
2020-08-18,2731,2755,2495,2533,408472
2020-08-19,2533,2589,2495,2533,129965
2020-08-20,2551,2551,2372,2410,221378
2020-08-21,2410,2481,2367,2434,56512
2020-08-24,2382,2505,2363,2458,108448
2020-08-25,2448,2514,2443,2505,60400
2020-08-26,2514,2514,2382,2453,100635
2020-08-27,2458,2467,2401,2458,106493
2020-08-28,2434,2486,2415,2453,75105
2020-08-31,2433,2471,2391,2443,97088
2020-09-01,2386,2467,2386,2453,106602
2020-09-02,2457,2505,2457,2472,63850
2020-09-03,2471,2537,2471,2486,146024
2020-09-04,2391,2788,2386,2656,1343611
2020-09-07,2722,2972,2679,2921,2340807
2020-09-08,3072,3166,2902,2902,1253151
2020-09-09,2873,3293,2844,3034,3761593
2020-09-10,3096,3204,3081,3148,1179876
2020-09-11,3194,3284,3152,3204,1092763
2020-09-14,3275,3279,3109,3138,459614
2020-09-15,3137,3260,3090,3204,448352
2020-09-16,3204,3204,3043,3086,394149
2020-09-17,3138,3143,3025,3044,151510
2020-09-18,3053,3100,3005,3020,199936
2020-09-21,3053,3067,2769,2864,391099
2020-09-22,2835,2854,2698,2741,311011
2020-09-23,2788,2793,2614,2666,222637
2020-09-24,2637,2646,2504,2552,205786
2020-09-25,2556,2599,2504,2585,202672
2020-09-28,2609,2703,2609,2699,158759
2020-09-29,2726,2764,2693,2741,136501
2020-10-05,2741,2811,2712,2793,101910
2020-10-06,2826,2835,2717,2760,95126
2020-10-07,2712,2797,2712,2760,40525
2020-10-08,2769,2793,2726,2760,106941
2020-10-12,2769,2806,2703,2755,125667
2020-10-13,2764,2774,2712,2741,64390
2020-10-14,2741,2807,2722,2789,154240
2020-10-15,2902,3025,2807,2836,613111
2020-10-16,2840,2882,2712,2793,157138
2020-10-19,2812,2840,2765,2784,84412
2020-10-20,2751,2793,2708,2770,106698
2020-10-21,2755,2798,2703,2765,72431
2020-10-22,2774,2774,2674,2708,77749
2020-10-23,2740,2769,2679,2703,114624
2020-10-26,2694,2717,2595,2595,143090
2020-10-27,2556,2622,2552,2571,100721
2020-10-28,2570,2660,2570,2651,78209
2020-10-29,2584,2618,2556,2618,99710
2020-10-30,2617,2636,2547,2547,77557
2020-11-02,2556,2589,2537,2571,49900
2020-11-03,2571,2628,2571,2628,69749
2020-11-04,2636,2655,2589,2618,74284
2020-11-05,2646,2656,2613,2623,61170
2020-11-06,2646,2656,2599,2623,67897
2020-11-09,2651,2712,2622,2708,137246
2020-11-10,2731,3345,2689,3086,9877520
2020-11-11,3066,3118,2958,3015,1391773
2020-11-12,3020,3025,2925,2940,544734
2020-11-13,2949,3020,2897,2973,692804
2020-11-16,2920,2958,2863,2897,480505
2020-11-17,2897,2958,2864,2916,319351
2020-11-18,2915,2972,2897,2949,284398
2020-11-19,2959,2987,2897,2978,320987
2020-11-20,2977,3052,2958,2996,467911
2020-11-23,3006,3053,2977,3006,326526
2020-11-24,3043,3043,2986,2996,232465
2020-11-25,3024,3157,2977,3039,1260852
2020-11-26,3071,3095,3038,3048,247517
2020-11-27,3057,3090,3038,3048,218234
2020-11-30,3057,3114,3048,3072,185426
2020-12-01,3099,3099,3024,3048,164724
2020-12-02,3048,3071,3024,3053,205327
2020-12-03,3053,3086,3025,3025,163170
2020-12-04,3095,3095,3029,3048,287251
2020-12-07,3067,3081,3015,3039,198093
2020-12-08,3038,3071,3015,3034,201317
2020-12-09,3034,3162,3034,3148,732275
2020-12-10,3147,3147,3081,3138,299707
2020-12-11,3152,3170,3119,3119,255077
2020-12-14,3109,3109,3034,3039,199886
2020-12-15,3029,3123,2991,3015,256522
2020-12-16,3015,3119,3001,3082,360837
2020-12-17,3081,3100,3048,3063,154765
2020-12-18,3062,3190,3062,3148,646471
2020-12-21,3203,3203,3085,3100,377585
2020-12-22,3096,3119,3025,3030,212739
2020-12-23,3029,3067,2953,2987,246269
2020-12-24,2968,3020,2968,2987,122270
2020-12-28,2986,3019,2906,2930,209575
2020-12-29,2916,2973,2916,2945,94156
2020-12-30,2986,3000,2939,2996,142931
2021-01-04,3020,3081,3001,3077,277987
2021-01-05,3077,3266,3034,3252,1291066
2021-01-06,3326,3326,3156,3171,783834
2021-01-07,3176,3237,3166,3195,423957
2021-01-08,3280,3280,3143,3195,282068
2021-01-11,3213,3213,3029,3072,390727
2021-01-12,3072,3147,3043,3091,175299
2021-01-13,3090,3114,3071,3105,188372
2021-01-14,3114,3223,3077,3200,276635
2021-01-15,3237,3237,3124,3162,157620
2021-01-18,3138,3166,3072,3091,175232
2021-01-19,3081,3152,3058,3129,197627
2021-01-20,3128,3350,3114,3195,612727
2021-01-21,3195,3223,3162,3219,260918
2021-01-22,3308,3544,3157,3337,2103243
2021-01-25,3460,3961,3337,3602,10138449
2021-01-26,3592,3601,3375,3375,1164080
2021-01-27,3374,3459,3341,3365,509710
2021-01-28,3345,3345,3213,3256,330320
2021-01-29,3270,3274,3014,3100,481891
2021-02-01,3100,3156,3033,3119,266673
2021-02-02,3118,3185,3118,3152,167326
2021-02-03,3214,3526,3214,3389,2155811
2021-02-04,3388,3620,3350,3620,1979743
2021-02-05,3719,3719,3459,3516,1348546
2021-02-08,3441,3507,3356,3479,487163
2021-02-09,3478,3483,3374,3389,322045
2021-02-10,3416,3534,3364,3516,354846
2021-02-15,3596,3629,3544,3592,531951
2021-02-16,3620,3733,3530,3611,609426
2021-02-17,3592,3753,3554,3753,911537
2021-02-18,3875,4329,3757,3767,7581735
2021-02-19,3747,3937,3733,3937,1092174
2021-02-22,3994,3999,3819,3862,719461
2021-02-23,3780,3804,3677,3677,452819
2021-02-24,3913,4301,3441,3479,7707218
2021-02-25,3573,3639,3450,3578,724782
2021-02-26,3468,3487,3412,3417,516630
2021-03-02,3426,3506,3341,3365,556999
2021-03-03,3346,3487,3341,3450,253700
2021-03-04,3450,3625,3426,3559,421215
2021-03-05,3554,3554,3412,3531,266014
2021-03-08,3545,3563,3417,3460,278205
2021-03-09,3449,3459,3336,3412,305096
2021-03-10,3421,3445,3336,3351,183673
2021-03-11,3336,3449,3336,3412,134116
2021-03-12,3416,3535,3416,3502,216806
2021-03-15,3502,3572,3483,3554,203700
2021-03-16,3554,3582,3511,3559,180666
2021-03-17,3572,3605,3492,3554,177483
2021-03-18,3592,3620,3554,3592,224779
2021-03-19,3573,3625,3531,3602,181127
2021-03-22,3620,3624,3525,3554,165881
2021-03-23,3601,3601,3479,3479,213098
2021-03-24,3478,3549,3445,3545,201995
2021-03-25,3497,3573,3497,3545,119019
2021-03-26,3549,3630,3535,3616,269899
2021-03-29,3625,3700,3563,3649,393518
2021-03-30,3630,3696,3592,3616,219916
2021-03-31,3620,3671,3596,3620,144793
2021-04-01,3639,3682,3592,3602,191698
2021-04-02,3606,3639,3559,3578,134957
2021-04-05,3559,3630,3526,3602,224183
2021-04-06,3625,3720,3620,3720,590723
2021-04-07,3719,3729,3644,3668,307228
2021-04-08,3705,3733,3672,3715,305359
2021-04-09,3738,3832,3719,3781,459853
2021-04-12,3847,3847,3743,3758,216081
2021-04-13,3734,3762,3672,3706,291874
2021-04-14,3701,3838,3672,3791,243009
2021-04-15,3781,3838,3734,3753,166509
2021-04-16,3790,3814,3757,3781,319655
2021-04-19,3780,3960,3771,3899,639975
2021-04-20,3951,3951,3837,3937,381740
2021-04-21,3941,3941,3700,3828,331702
2021-04-22,3851,3903,3818,3885,210267
2021-04-23,3847,3894,3809,3819,149746
2021-04-26,3819,3866,3795,3857,188221
2021-04-27,3961,4050,3890,4013,883460
2021-04-28,4012,4074,3937,4013,559751
2021-04-29,4036,4396,4036,4226,4664905
2021-04-30,4286,4305,3913,3970,1755133
2021-05-03,3994,4008,3738,3772,565717
2021-05-04,3800,3876,3734,3876,321110
2021-05-06,3875,3993,3875,3956,278058
2021-05-07,3956,3994,3904,3914,253378
2021-05-10,3932,3941,3894,3923,280816
2021-05-11,3913,3927,3800,3923,287936
2021-05-12,3913,3913,3762,3810,312298
2021-05-13,3752,3851,3719,3781,241662
2021-05-14,3799,3818,3747,3814,135701
2021-05-17,3975,3975,3842,3857,443278
2021-05-18,3852,3932,3837,3923,337433
2021-05-20,3908,4031,3903,4003,333905
2021-05-21,4036,4088,3928,3928,247390
2021-05-24,3941,3950,3865,3899,236061
2021-05-25,3899,3994,3899,3961,284211
2021-05-26,3965,4088,3965,4046,341009
2021-05-27,4064,4443,4046,4202,2539362
2021-05-28,4197,4291,4159,4249,599088
2021-05-31,4249,4353,4206,4325,544627
2021-06-01,4338,4371,4234,4296,599608
2021-06-02,4296,5360,4282,4963,16114550
2021-06-03,5010,5170,4896,5133,3623098
2021-06-04,5095,5899,4982,5578,12814276
2021-06-07,5577,6201,5520,5795,8225879
2021-06-08,5671,5671,5293,5341,1361213
2021-06-09,5435,5539,5435,5521,634964
2021-06-10,5558,5747,5265,5284,1214837
2021-06-11,5634,5766,5133,5190,2517507
2021-06-14,5189,5218,5038,5218,1022876
2021-06-15,5161,5190,5057,5124,701052
2021-06-16,5123,5738,5104,5502,5120688
2021-06-17,5407,5483,5284,5351,849212
2021-06-18,5350,5369,5199,5237,614212
2021-06-21,5190,5294,5124,5266,467500
2021-06-22,5227,5634,5227,5502,3015423
2021-06-23,5548,5548,5340,5426,720862
2021-06-24,5398,5520,5265,5398,709932
2021-06-25,5388,5549,5388,5398,430242
2021-06-28,5435,5501,5303,5360,341548
2021-06-29,5360,5360,5190,5209,503808
2021-06-30,5218,5284,5161,5247,241722
2021-07-01,5255,5293,5123,5152,352117
2021-07-02,5227,5227,5104,5171,290474
2021-07-05,5170,5303,5170,5237,332188
2021-07-06,5312,5596,5265,5549,2535326
2021-07-07,5492,5558,5341,5379,809286
2021-07-08,5360,5369,5019,5086,697052
2021-07-09,4953,5048,4831,4935,580632
2021-07-12,4943,5132,4943,5114,311934
2021-07-13,5114,5199,5076,5162,225126
2021-07-14,5322,5416,5180,5209,1085131
2021-07-15,5246,5700,5227,5407,2481166
2021-07-16,5407,7024,5407,7024,41292679
2021-07-19,7704,8129,7222,7506,24864972
2021-07-20,7392,7666,7326,7525,10621684
2021-07-21,8129,8224,7033,7033,12906680
2021-07-22,6977,7156,6731,6911,3369134
2021-07-23,6910,6967,6551,6599,2729605
2021-07-26,6598,6712,6475,6523,1768496
2021-07-27,6560,6627,6315,6353,1952517
2021-07-28,6371,6437,6210,6296,997067
2021-07-29,6295,6390,6125,6192,1186825
2021-07-30,6153,6276,6106,6116,959631
2021-08-02,6173,6334,6116,6334,1453458
2021-08-03,6333,6352,5832,5842,1700550
2021-08-04,5898,6399,5870,6069,3424775
2021-08-05,6173,6220,5993,6022,842121
2021-08-06,6059,6078,5860,5946,574765
2021-08-09,5908,5937,5625,5644,860241
2021-08-10,5615,5700,5540,5540,483533
2021-08-11,5502,5681,5502,5578,544251
2021-08-12,5596,5709,5502,5502,530109
2021-08-13,5501,5530,5237,5445,650310
2021-08-17,5445,5501,5086,5086,701163
2021-08-18,5047,5274,5047,5199,456812
2021-08-19,5142,5246,4934,4944,512846
2021-08-20,4953,5047,4707,4764,512998
2021-08-23,4764,4981,4726,4972,353935
2021-08-24,5010,5237,4972,5190,483863
2021-08-25,5302,5321,5104,5199,323957
2021-08-26,5199,6428,5133,5984,21257911
2021-08-27,5898,5927,5709,5861,2589763
2021-08-30,5804,6164,5748,5871,5231846
2021-08-31,5861,5870,5653,5710,977967
2021-09-01,5936,5983,5672,5672,1634036
2021-09-02,5671,6522,5567,6116,15820758
2021-09-03,6087,6115,5879,5993,1490723
2021-09-06,5984,6097,5880,5956,1163665
2021-09-07,5926,6106,5851,5908,1047840
2021-09-08,5908,5917,5756,5757,711330
2021-09-09,5766,5832,5577,5615,610722
2021-09-10,5662,5700,5483,5502,506113
2021-09-13,5482,5577,5284,5360,569390
2021-09-14,5360,5643,5360,5521,611021
2021-09-15,5577,5596,5397,5445,378892
2021-09-16,5511,5530,5246,5502,419768
2021-09-17,5501,5501,5293,5303,401711
2021-09-23,5199,5540,5190,5370,921333
2021-09-24,5360,5445,5265,5275,321056
2021-09-27,5340,5709,5284,5634,1348672
2021-09-28,5653,5776,5435,5502,1193343
2021-09-29,5274,5577,5265,5426,375069
2021-09-30,5530,5710,5455,5455,547794
2021-10-01,5463,5700,5378,5530,1072816
2021-10-05,5530,5530,5067,5105,746837
2021-10-06,5104,5189,4665,4703,756956
2021-10-07,4703,4897,4703,4850,278754
2021-10-08,4858,4915,4773,4821,228743
2021-10-12,4820,4839,4697,4783,176369
2021-10-13,4727,5020,4727,4935,344634
2021-10-14,5001,5133,4972,5105,261333
2021-10-15,5161,5832,5076,5483,3379379
2021-10-18,5577,5804,5558,5625,1192218
2021-10-19,5690,6002,5511,5530,2033318
2021-10-20,5539,5624,5444,5511,386743
2021-10-21,5540,5776,5341,5578,930440
2021-10-22,5605,5643,5435,5530,322618
2021-10-25,5577,5766,5539,5634,842748
2021-10-26,5644,5672,5483,5644,422354
2021-10-27,5662,5681,5558,5625,274391
2021-10-28,5624,5624,5378,5464,285906
2021-10-29,5464,5511,5398,5417,147859
2021-11-01,5416,5426,5237,5294,226603
2021-11-02,5341,5454,5294,5417,287075
2021-11-03,5463,5558,5388,5407,238155
2021-11-04,5436,5672,5407,5474,1193213
2021-11-05,5586,5586,5076,5199,608895
2021-11-08,5199,5246,5010,5143,224427
2021-11-09,5133,5303,5123,5152,235845
2021-11-10,5161,5161,4916,4935,242846
2021-11-11,4906,4962,4783,4821,186270
2021-11-12,4745,4953,4745,4925,134792
2021-11-15,4953,5010,4868,5010,123444
2021-11-16,5048,5048,4934,4982,79523
2021-11-17,5039,5039,4831,4850,131717
2021-11-18,4830,4858,4726,4821,198797
2021-11-19,4821,4887,4783,4878,101795
2021-11-22,4896,4934,4773,4887,116969
2021-11-23,4858,5577,4858,5199,3038709
2021-11-24,5255,5255,5085,5199,357151
2021-11-25,5170,5218,5019,5029,278212
2021-11-26,5124,5124,4859,4935,246937
2021-11-29,4726,4840,4641,4651,444984
2021-11-30,4660,4745,4324,4367,298586
2021-12-01,4301,4500,4301,4467,234326
2021-12-02,4385,4565,4385,4556,108818
2021-12-03,4584,4618,4509,4618,122929
2021-12-06,4617,4650,4523,4632,110871
2021-12-07,4646,4693,4608,4665,79496
2021-12-08,4678,4801,4655,4660,129994
2021-12-09,4674,4736,4641,4736,71302
2021-12-10,4665,4773,4655,4755,89797
2021-12-13,4773,4773,4717,4722,72681
2021-12-14,4707,4716,4660,4679,105966
2021-12-15,4679,4679,4632,4637,55664
2021-12-16,4636,4721,4617,4679,84564
2021-12-17,4632,4773,4632,4722,110359
2021-12-20,4754,4754,4603,4608,108157
2021-12-21,4603,4669,4490,4580,107208
2021-12-22,4632,4684,4608,4642,66110
2021-12-23,4650,4702,4627,4684,87338
2021-12-24,4688,4811,4679,4736,133491
2021-12-27,4745,4830,4726,4755,120141
2021-12-28,4764,4812,4726,4812,103603
2021-12-29,4783,4887,4783,4821,78896
2021-12-30,4821,4859,4755,4831,115391
2022-01-03,4868,5057,4849,5029,209545
2022-01-04,5086,5086,4982,5039,182494
2022-01-05,5039,5086,4982,5039,162681
2022-01-06,4934,5075,4924,4972,150023
2022-01-07,4953,5057,4953,5039,92278
2022-01-10,5001,5095,4916,4954,181440
2022-01-11,4981,4981,4811,4821,116768
2022-01-12,4830,5104,4830,5010,175190
2022-01-13,5010,5048,4972,4982,74247
2022-01-14,5076,5076,4935,4954,79307
2022-01-17,4963,5057,4897,4916,162025
2022-01-18,4962,4962,4736,4755,178475
2022-01-19,4698,4868,4679,4722,126917
2022-01-20,4707,4849,4698,4802,78036
2022-01-21,4802,4858,4721,4736,58812
2022-01-24,4735,4735,4348,4528,180575
2022-01-25,4542,4584,4357,4372,175849
2022-01-26,4372,4651,4372,4448,210467
2022-01-27,4419,4447,4150,4150,215540
2022-01-28,4169,4311,3947,4311,169046
2022-02-03,4348,4481,4348,4481,78551
2022-02-04,4481,4500,4414,4500,56220
2022-02-07,4504,4504,4452,4486,46098
2022-02-08,4471,4712,4405,4467,117991
2022-02-09,4489,4603,4452,4556,83002
2022-02-10,4566,4636,4542,4566,69705
2022-02-11,4561,4561,4448,4448,71042
2022-02-14,4447,4447,4220,4268,120575
2022-02-15,4225,4324,4159,4159,97601
2022-02-16,4202,4334,4202,4330,55333
2022-02-17,4325,4424,4188,4330,93967
2022-02-18,4282,4466,4282,4457,60973
2022-02-21,4424,4433,4282,4391,55452
2022-02-22,4353,4391,4268,4273,92221
2022-02-23,4286,4385,4281,4315,47857
2022-02-24,4282,4358,4178,4240,110323
2022-02-25,4277,4466,4272,4424,94740
2022-02-28,4584,4858,4537,4561,690721
2022-03-02,4537,4641,4509,4566,124996
2022-03-03,4684,4783,4594,4736,276934
2022-03-04,4735,4763,4660,4712,114754
2022-03-07,4697,4820,4603,4627,143962
2022-03-08,4566,4698,4519,4675,114834
2022-03-10,4783,4839,4679,4684,247879
2022-03-11,4698,5104,4684,5086,1154243
2022-03-14,5057,5066,4821,4859,378919
2022-03-15,4840,5180,4802,4963,680982
2022-03-16,5142,5624,5085,5284,2042332
2022-03-17,5312,5369,5198,5284,649266
2022-03-18,5275,5331,5142,5275,439602
2022-03-21,5274,5274,5152,5152,238399
2022-03-22,5199,5236,5095,5199,312357
2022-03-23,5199,5757,5142,5332,4164364
2022-03-24,5293,5454,5189,5360,723811
2022-03-25,5398,5398,5105,5143,635793
2022-03-28,5209,5303,5143,5266,287647
2022-03-29,5293,5321,5189,5199,218748
2022-03-30,5237,5332,5190,5247,269852
2022-03-31,5246,5529,5218,5322,1519471
2022-04-01,5482,5530,5256,5256,655677
2022-04-04,5265,5293,5132,5199,390677
2022-04-05,5180,5228,5114,5162,218986
2022-04-06,5104,5170,5019,5029,206371
2022-04-07,5001,6504,4982,6230,23412877
2022-04-08,5983,6125,5473,5549,5025032
2022-04-11,5530,5606,5351,5351,1440535
2022-04-12,5454,5511,5085,5114,1877397
2022-04-13,5085,5302,5085,5180,743804
2022-04-14,5180,5274,5161,5256,401069
2022-04-15,5227,5350,5189,5303,449434
2022-04-18,5303,5359,5227,5237,386848
2022-04-19,5284,5379,5228,5332,402528
2022-04-20,5331,5511,5303,5483,714482
2022-04-21,5521,5549,5379,5455,860359
2022-04-22,5435,5482,5369,5407,361876
2022-04-25,5378,5378,5189,5237,396272
2022-04-26,5265,5407,5123,5360,445676
2022-04-27,5227,5350,5123,5303,254654
2022-04-28,5341,5360,5199,5247,257562
2022-04-29,5284,5359,5246,5322,310904
2022-05-02,5246,5435,5246,5407,340098
2022-05-03,5417,5559,5388,5474,901289
2022-05-04,5529,5643,5482,5596,1094479
2022-05-06,5559,6022,5502,5682,4099949
2022-05-09,5681,5785,5388,5407,1050195
2022-05-10,5265,5417,5114,5351,731926
2022-05-11,5388,5397,5246,5256,376903
2022-05-12,5425,5529,5170,5180,967401
2022-05-13,5190,6211,5190,5871,13798608
2022-05-16,5804,5936,5776,5776,1742514
2022-05-17,5870,6069,5700,5937,5873956
2022-05-18,5937,5993,5823,5852,1092661
2022-05-19,5671,5785,5558,5738,654184
2022-05-20,5776,5946,5738,5814,1027244
2022-05-23,5822,5860,5718,5804,399615
2022-05-24,5851,5936,5700,5833,945435
2022-05-25,5955,5955,5756,5757,924260
2022-05-26,5775,5823,5634,5653,541039
2022-05-27,5710,5795,5653,5729,399528
2022-05-30,5823,5983,5775,5927,1364629
2022-05-31,5927,6938,5899,6315,18747569
2022-06-02,6277,6466,6258,6391,2529547
2022-06-03,6466,6702,6315,6627,4644800
2022-06-07,6617,6740,6428,6674,2181515
2022-06-08,6702,7061,6522,6608,4531969
2022-06-09,6617,6721,6419,6495,1343293
2022-06-10,6419,6579,6286,6457,939056
2022-06-13,6239,6362,5861,5871,1798128
2022-06-14,5709,6068,5700,5965,1198020
2022-06-15,5946,6012,5587,5663,934571
2022-06-16,5861,6419,5814,6079,4401524
2022-06-17,5908,6636,5794,6636,2828997
2022-06-20,6881,6985,6182,6409,2998259
2022-06-21,6475,6825,6286,6759,4567465
2022-06-22,6712,6844,6532,6561,1656561
2022-06-23,6721,6816,5804,5852,3556573
2022-06-24,5880,6607,5823,6296,7005670
2022-06-27,6353,6438,6258,6372,1325599
2022-06-28,6427,6730,6371,6721,3229867
2022-06-29,6617,6834,6589,6712,1915754
2022-06-30,6768,6834,6541,6608,1759738
2022-07-01,6758,7042,6380,6655,4730073
2022-07-04,6815,7382,6730,7071,14010341
2022-07-05,6995,7194,6778,7147,4103381
2022-07-06,7355,7459,6646,6665,5928178
2022-07-07,6777,6872,6683,6721,1675704
2022-07-08,6806,6853,6522,6570,1383780
2022-07-11,6589,6598,6334,6334,1011588
2022-07-12,6295,6343,6078,6173,979292
2022-07-13,6125,6323,6002,6201,876054
2022-07-14,6182,6437,6154,6400,1109283
2022-07-15,6400,6457,6296,6372,786887
2022-07-18,6399,6409,6154,6277,651124
2022-07-19,6238,6361,6191,6324,385371
2022-07-20,6381,6381,6211,6230,499768
2022-07-21,6201,6249,6097,6164,541559
2022-07-22,6154,6371,6135,6334,645514
2022-07-25,6409,6645,6399,6617,1661735
2022-07-26,6598,6683,6522,6551,800618
2022-07-27,6588,6598,6371,6428,716822
2022-07-28,6447,6466,6239,6334,639824
2022-07-29,6343,6400,6305,6353,584210
2022-08-01,6352,6352,6239,6315,475728
2022-08-02,6314,6456,6276,6362,730438
2022-08-03,6352,6409,6267,6409,358533
2022-08-04,6427,6541,6380,6513,823784
2022-08-05,6522,6522,6352,6409,612868
2022-08-08,6314,6343,5747,5842,2358728
2022-08-09,5822,5870,5662,5700,1189109
2022-08-10,5709,5738,5539,5568,846379
2022-08-11,5653,5690,5558,5587,457366
2022-08-12,5586,5671,5577,5653,322846
2022-08-16,5662,5700,5473,5530,617479
2022-08-17,5511,5511,5322,5360,536995
2022-08-18,5303,5417,5247,5351,326593
2022-08-19,5350,5577,5350,5398,666369
2022-08-22,5340,5444,5246,5284,291738
2022-08-23,5284,5407,5208,5294,440812
2022-08-24,5321,5567,5321,5511,642403
2022-08-25,5539,5587,5473,5502,355319
2022-08-26,5625,5662,5511,5559,497607
2022-08-29,5360,5483,5294,5436,389342
2022-08-30,5444,5520,5378,5426,219237
2022-08-31,5416,5425,5312,5388,203232
2022-09-01,5416,5435,5123,5218,511205
2022-09-02,5199,5256,5067,5086,430363
2022-09-05,5047,5104,4924,4972,340605
2022-09-06,4982,5067,4963,4982,201439
2022-09-07,4963,4972,4745,4812,351120
2022-09-08,4849,4924,4801,4868,259026
2022-09-13,4953,4991,4925,4982,233904
2022-09-14,4764,4887,4764,4859,174505
2022-09-15,4868,5133,4868,4944,487065
2022-09-16,4916,5029,4840,4850,256220
2022-09-19,4839,4962,4650,4679,322346
2022-09-20,4679,4944,4679,4793,360783
2022-09-21,4773,4868,4745,4821,142867
2022-09-22,4773,5104,4688,4944,1583349
2022-09-23,4924,5057,4754,4783,359582
2022-09-26,4726,4726,4225,4244,651012
2022-09-27,4206,4329,4045,4230,580790
2022-09-28,4490,4575,4050,4093,812454
2022-09-29,4121,4324,4121,4164,437501
2022-09-30,4059,4230,4050,4145,306305
2022-10-04,4206,4353,4145,4339,246075
2022-10-05,4362,4423,4225,4268,185630
2022-10-06,4281,4428,4277,4400,188675
2022-10-07,4353,4480,4348,4377,169782
2022-10-11,4244,4314,4092,4159,204190
2022-10-12,4117,4159,4050,4084,165720
2022-10-13,4050,4092,3799,3828,385526
2022-10-14,3875,4112,3875,4112,284946
2022-10-17,4046,4183,3960,4150,136942
2022-10-18,4249,4268,4126,4202,146202
2022-10-19,4239,4287,4202,4202,128630
2022-10-20,4244,4319,4149,4211,211976
2022-10-21,4183,4272,4145,4150,125252
2022-10-24,4197,4305,4173,4183,149889
2022-10-25,4215,4234,4135,4140,72495
2022-10-26,4159,4206,4130,4145,92283
2022-10-27,4126,4230,4126,4221,113075
2022-10-28,4159,4244,4121,4150,108836
2022-10-31,4187,4187,4107,4136,62096
2022-11-01,4201,4792,4187,4443,2632111
2022-11-02,4451,4617,4310,4348,847808
2022-11-03,4253,4433,4206,4348,272603
2022-11-04,4344,4443,4315,4363,207396
2022-11-07,4372,4424,4348,4377,157306
2022-11-08,4395,4485,4390,4452,263171
2022-11-09,4485,4551,4410,4462,254141
2022-11-10,4419,4802,4391,4774,884984
2022-11-11,4821,4821,4675,4746,548408
2022-11-14,4830,4830,4684,4703,312816
2022-11-15,4736,4783,4675,4746,215415
2022-11-16,4773,4773,4598,4717,301133
2022-11-17,4754,4754,4584,4613,274397
2022-11-18,4645,4693,4598,4608,126171
2022-11-21,4664,4953,4612,4764,1588204
2022-11-22,4745,4896,4702,4802,486717
2022-11-23,4887,4896,4736,4736,257673
2022-11-24,4755,4821,4755,4793,199908
2022-11-25,4802,4982,4774,4916,814696
2022-11-28,5057,5425,4962,5218,3280162
2022-11-29,5208,5359,5123,5322,632318
2022-11-30,5265,5643,5246,5398,1160894
2022-12-01,5483,5511,5332,5351,725726
2022-12-02,5379,5388,5161,5294,396989
2022-12-05,5246,5284,5086,5086,346419
2022-12-06,5020,5076,4925,4935,261221
2022-12-07,4916,4916,4764,4850,345714
2022-12-08,4877,4896,4745,4840,186957
2022-12-09,4868,4877,4735,4821,179406
2022-12-12,4764,4935,4717,4935,197226
2022-12-13,4953,5047,4877,4925,263050
2022-12-14,4991,5152,4972,5124,328860
2022-12-15,5095,5236,5076,5114,231493
2022-12-16,5038,5237,5010,5190,415570
2022-12-19,5199,5369,5133,5313,425729
2022-12-20,5274,5340,5151,5180,283303
2022-12-21,5208,5397,5189,5284,397554
2022-12-22,5313,5331,5161,5228,253951
2022-12-23,5189,5237,5114,5152,205659
2022-12-26,5218,5284,5161,5190,287717
2022-12-27,5190,5227,5123,5209,219813
2022-12-28,5152,5246,5142,5152,159723
2022-12-29,5142,5190,4916,5020,260049
2023-01-02,5019,5085,4859,4859,208369
2023-01-03,4811,4925,4717,4925,196549
2023-01-04,4887,5010,4859,4916,112339
2023-01-05,4982,4982,4727,4831,152112
2023-01-06,4830,4972,4830,4916,161766
2023-01-09,4944,4982,4906,4935,163146
2023-01-10,4934,4972,4849,4878,130433
2023-01-11,4916,5076,4878,5039,350607
2023-01-12,5048,5057,4963,4982,168960
2023-01-13,5010,5048,4962,5048,116523
2023-01-16,5095,5105,4982,5020,113011
2023-01-17,5019,5029,4916,4916,109267
2023-01-18,5029,5123,4859,4916,845998
2023-01-19,4915,4924,4802,4802,211148
2023-01-20,4812,4897,4764,4850,170385
2023-01-25,4878,4897,4812,4850,123574
2023-01-26,4849,4896,4721,4783,409529
2023-01-27,4812,4859,4783,4812,159085
2023-01-30,4811,4868,4764,4783,153333
2023-01-31,4782,4811,4745,4764,158374
2023-02-01,4783,4821,4755,4755,131761
2023-02-02,4773,4802,4726,4802,253321
2023-02-03,4802,4811,4726,4755,225737
2023-02-06,4754,5066,4707,4821,904979
2023-02-07,4764,4821,4712,4774,263945
2023-02-08,4821,4849,4783,4821,153289
2023-02-09,4820,4858,4764,4783,186382
2023-02-10,4793,4793,4727,4746,213776
2023-02-13,4754,4782,4707,4712,148827
2023-02-14,4708,4745,4694,4694,144162
2023-02-15,4726,4726,4585,4585,204203
2023-02-16,4603,4655,4589,4651,73127
2023-02-17,4641,4655,4594,4604,60661
2023-02-20,4589,4656,4575,4656,76929
2023-02-21,4655,4726,4641,4670,122579
2023-02-22,4613,4840,4613,4727,358850
2023-02-23,4802,4802,4712,4722,125040
2023-02-24,4726,4745,4651,4651,94258
2023-02-27,4622,4632,4556,4599,81027
2023-02-28,4599,4651,4599,4618,89853
2023-03-02,4617,4792,4613,4755,341311
2023-03-03,4811,4820,4726,4802,239617
2023-03-06,4821,4839,4764,4821,237977
2023-03-07,4801,4981,4801,4972,813678
2023-03-08,4963,4972,4878,4916,258450
2023-03-09,4934,5010,4830,5001,306799
2023-03-10,4934,4991,4887,4925,190406
2023-03-13,4858,4915,4773,4868,211336
2023-03-14,4811,6324,4561,5133,22147703
2023-03-15,5151,6201,5104,5908,21077041
2023-03-16,5908,6428,5558,5918,8480123
2023-03-17,5832,5879,5539,5672,1895971
2023-03-20,5378,5558,5350,5445,1483716
2023-03-21,5482,5681,5407,5445,1474022
2023-03-22,5540,5606,5436,5540,883799
2023-03-23,5502,6211,5454,5814,6396365
2023-03-24,5889,5918,5691,5767,1185702
2023-03-27,5814,6135,5729,5975,2674810
2023-03-28,5993,6078,5823,5871,1160228
2023-03-29,5842,5946,5709,5861,717031
2023-03-30,5908,5955,5785,5880,675585
2023-03-31,5851,5955,5785,5804,661542
2023-04-03,5804,6078,5785,6022,1229008
2023-04-04,5974,7827,5974,7421,26157167
2023-04-05,7279,7657,7184,7355,8418072
2023-04-06,7298,7298,6674,6712,4535648
2023-04-07,6806,7137,6494,6570,4685298
2023-04-10,6589,6834,6475,6731,1906321
2023-04-11,6683,6777,6352,6740,1489378
2023-04-12,6693,7071,6683,6854,2266012
2023-04-13,6881,7278,6541,7033,3604048
2023-04-14,7080,7184,6872,7024,1359783
2023-04-17,7090,7544,7033,7166,4197537
2023-04-18,7099,7241,6938,7024,1202596
2023-04-19,7250,8091,7089,7657,13022374
2023-04-20,7506,7685,7099,7270,2236238
2023-04-21,7345,7354,6976,7005,1043842
2023-04-24,6938,7070,6844,6948,722051
2023-04-25,6939,7194,6863,7062,889977
2023-04-26,7062,7118,6721,6769,701543
2023-04-27,6664,7004,6664,6929,458156
2023-04-28,6967,6995,6513,6608,687631
2023-05-02,6608,6891,6570,6788,326529
2023-05-03,6731,7156,6684,6996,599131
2023-05-04,6995,7099,6816,6977,534207
2023-05-08,7383,7610,6882,6892,1687471
2023-05-09,6863,7118,6702,7005,702324
2023-05-10,6920,7203,6872,6958,489555
2023-05-11,6957,7373,6948,7109,1025344
2023-05-12,7137,7534,7014,7270,1758320
2023-05-15,7401,7751,7231,7449,2110847
2023-05-16,7563,8499,7468,7516,11288739
2023-05-17,7420,7817,7259,7553,1436916
2023-05-18,7610,7922,7591,7743,1428638
2023-05-19,7751,7940,7307,7345,1348523
2023-05-22,7364,7477,7222,7364,417091
2023-05-23,7411,7439,7288,7298,303710
2023-05-24,7260,7373,7174,7260,360927
2023-05-25,7222,7251,6891,6958,854686
2023-05-26,6967,7128,6873,6892,595031
2023-05-30,6901,6967,6854,6892,235041
2023-05-31,6938,7099,6806,6816,520211
2023-06-01,6825,6834,6683,6759,377407
2023-06-02,6835,7468,6825,7308,2537932
2023-06-05,7383,8035,7364,7790,4159809
2023-06-07,7770,8016,7695,7752,1131243
2023-06-08,7818,8016,7714,7913,1090210
2023-06-09,8006,8006,7789,7865,669074
2023-06-12,7960,8035,7572,7979,793429
2023-06-13,8035,8829,7865,8631,3940546
2023-06-14,8565,8763,8253,8414,1927786
2023-06-15,8479,8810,8177,8281,1357778
2023-06-16,8318,8744,8299,8593,1455295
2023-06-19,8641,8877,8518,8660,982270
2023-06-20,8593,8810,8555,8650,729119
2023-06-21,8687,8886,8621,8773,759156
2023-06-22,8895,9548,8791,9274,3125936
2023-06-23,9254,9339,8734,8801,1063510
2023-06-26,8744,8886,8518,8726,617058
2023-06-27,8688,8716,8328,8499,741507
2023-06-28,8536,8669,8395,8414,536797
2023-06-29,8413,8527,8319,8461,288331
2023-06-30,8432,9236,8413,9236,1525618
2023-07-03,9330,10351,9330,10040,2704465
2023-07-04,9964,10304,9935,10002,887593
2023-07-05,10115,10153,9737,9936,721699
2023-07-06,9945,10011,9586,9908,679357
2023-07-07,9737,10134,9737,10097,529325
2023-07-10,10323,10399,10002,10182,754693
2023-07-11,10209,10956,10209,10881,1128677
2023-07-12,10994,11221,10720,10872,841894
2023-07-13,10975,10975,10257,10645,699071
2023-07-14,10645,10673,10380,10475,385836
2023-07-17,10370,10455,10068,10333,567999
2023-07-18,10314,10408,10087,10201,445900
2023-07-19,10248,10673,10172,10220,681847
2023-07-20,10209,10237,9784,10030,558101
2023-07-21,10002,10068,9681,9908,481200
2023-07-24,9926,10522,9832,10428,658506
2023-07-25,10503,11344,10295,11222,1793049
2023-07-26,11476,11485,8659,9217,3714394
2023-07-27,9217,9482,8773,8849,997905
2023-07-28,8886,9604,8848,9529,1033625
2023-07-31,9916,10483,9396,9529,1872485
2023-08-01,9869,10474,9529,9756,2346671
2023-08-02,9822,11713,9737,10267,17318204
2023-08-03,11240,11439,9312,9331,11161816
2023-08-04,8999,9510,8876,9236,1698472
2023-08-07,9311,9538,8924,9189,1405370
2023-08-08,9122,9302,8942,9132,1079261
2023-08-09,9142,9198,8990,9161,484996
2023-08-10,9169,9179,8801,8820,746658
2023-08-11,8924,9718,8678,9076,3569733
2023-08-14,9084,9112,8460,8905,1576059
2023-08-16,8905,9198,8565,8584,1192535
2023-08-17,8499,8886,8177,8707,1291382
2023-08-18,8498,8716,8366,8650,578775
2023-08-21,8678,9037,8678,8896,585928
2023-08-22,8971,9585,8905,9482,1047682
2023-08-23,9529,9907,9274,9596,1222129
2023-08-24,9803,10068,9416,9785,996221
2023-08-25,9624,11278,9605,10872,5611252
2023-08-28,10777,11344,10654,11335,1715983
2023-08-29,11335,11581,10966,11392,1391845
2023-08-30,11439,11448,10909,11250,885103
2023-08-31,11250,12091,11165,11969,2013767
2023-09-01,11968,12205,10796,11345,1380794
2023-09-04,11174,11326,10966,11137,583572
2023-09-05,11146,11268,10862,11061,465258
2023-09-06,11013,11013,10257,10541,1021947
2023-09-07,10493,10654,10304,10588,570355
2023-09-08,10588,11411,10399,11345,1626293
2023-09-11,11345,11883,11203,11657,918374
2023-09-12,11723,11808,11269,11449,490453
2023-09-13,11325,11457,11051,11089,370753
2023-09-14,11155,11429,11022,11382,386030
2023-09-15,11505,12970,11505,12734,4681539
2023-09-18,12734,12952,12318,12470,1176888
2023-09-19,12431,12545,12195,12394,506745
2023-09-20,12393,12422,12044,12290,344585
2023-09-21,12100,12526,12006,12356,553199
2023-09-22,12356,13046,11836,12933,1003299
2023-09-25,12951,12960,11656,11883,1249790
2023-09-26,11883,11968,11477,11865,531230
2023-09-27,11704,12366,11581,12281,742620
2023-10-04,12006,12649,11921,12158,764076
2023-10-05,12261,12478,12043,12214,408954
2023-10-06,12289,12507,12148,12479,305889
2023-10-10,12488,13500,12450,12725,1551772
2023-10-11,12951,12970,12412,12810,554134
2023-10-12,12866,13831,12829,13661,1138086
2023-10-13,13614,14115,13396,14049,717643
2023-10-16,14048,14322,13547,13831,672737
2023-10-17,13916,14474,13840,14200,669587
2023-10-18,14275,14871,14171,14673,801766
2023-10-19,14493,14758,13453,13529,1141825
2023-10-20,13348,14029,12516,13566,1043027
2023-10-23,13566,13566,12601,12687,743020
2023-10-24,12686,13414,12686,13339,590812
2023-10-25,13783,13991,13235,13500,527492
2023-10-26,13207,13433,13027,13226,316284
2023-10-27,13150,13320,12535,12621,563225
2023-10-30,12573,12677,11845,12006,654923
2023-10-31,12166,12327,11817,11817,354919
2023-11-01,11902,12516,11637,11959,637772
2023-11-02,12186,12271,11978,12101,302757
2023-11-03,12214,12309,11817,11912,411368
2023-11-06,11921,12167,11600,11808,561603
2023-11-07,11836,12498,11675,12366,811912
2023-11-08,12488,13074,12346,12498,636236
2023-11-09,12535,12828,12176,12271,357158
2023-11-10,12261,12611,11987,12441,478099
2023-11-13,12602,12611,11704,12073,692229
2023-11-14,12081,12251,10880,11278,1487627
2023-11-15,11438,11438,10956,11193,849452
2023-11-16,11287,11817,11221,11770,819103
2023-11-17,11835,12176,11637,11902,623909
2023-11-20,11240,11788,10729,11628,1514555
2023-11-21,11704,12573,11685,12366,1076988
2023-11-22,12346,12687,12120,12328,667912
2023-11-23,12289,12289,11987,12025,324785
2023-11-24,12214,13415,12015,13330,1776354
2023-11-27,13802,13868,12857,12933,1747959
2023-11-28,13225,14530,12771,12942,2738487
2023-11-29,12895,12999,12507,12801,495304
2023-11-30,12687,13320,12592,12952,654017
2023-12-01,12961,13207,12810,12952,362574
2023-12-04,12856,12875,12185,12195,632852
2023-12-05,12101,12630,11902,12054,533075
2023-12-06,12100,12242,11845,11987,201891
2023-12-07,11987,12044,11571,11619,300020
2023-12-08,11628,11798,11145,11335,635719
2023-12-11,11401,11940,11391,11770,470701
2023-12-12,12091,12119,11552,11713,569565
2023-12-13,11713,11789,11477,11780,355387
2023-12-14,11990,12180,11680,11720,279482
2023-12-15,11820,12100,11780,11870,193655
2023-12-18,11900,11990,11800,11820,148090
2023-12-19,11800,11860,11090,11100,497501
2023-12-20,11140,11400,11100,11160,265017
2023-12-21,11000,11190,10950,11000,230746
2023-12-22,11010,11090,10610,10610,330006
2023-12-26,10590,10590,10290,10420,229866
2023-12-27,10400,10580,10320,10540,172983
2023-12-28,10550,10640,10320,10640,123665
2024-01-02,10770,10770,10580,10740,131078
2024-01-03,10540,11800,10540,11330,845762
2024-01-04,11470,11470,10620,10900,555466
2024-01-05,10830,11210,10620,10900,266694
2024-01-08,10840,11010,10710,10800,307006
2024-01-09,10930,10970,10600,10760,285087
2024-01-10,10720,10950,10680,10780,202101
2024-01-11,10800,10920,10630,10740,194413
2024-01-12,10740,11060,10700,11000,199773
2024-01-15,11160,11510,11030,11390,633260
2024-01-16,11520,11950,11100,11320,984818
2024-01-17,11430,11460,10990,11020,278728
2024-01-18,11160,13420,11150,12450,6993671
2024-01-19,12450,12670,12310,12380,1013862
2024-01-22,12510,12520,11940,12130,636881
2024-01-23,12080,12260,11800,11910,620646
2024-01-24,11920,12250,11700,12130,402148
2024-01-25,12050,12930,11660,12800,898089
2024-01-26,12750,12880,12250,12300,464932
2024-01-29,12290,12300,11600,11790,474160
2024-01-30,11710,11840,11040,11280,498653
2024-01-31,11100,11760,11060,11250,438296
2024-02-01,11200,11550,10900,11000,428241
2024-02-02,11110,11530,11070,11370,300694
2024-02-05,11480,11550,11200,11340,141895
2024-02-06,11290,11500,11010,11380,218335
2024-02-07,10900,11200,10750,11180,1278085
2024-02-08,11030,11950,10930,11780,788545
2024-02-13,11600,11980,11530,11920,704558
2024-02-14,11790,12100,11630,11780,547631
2024-02-15,11790,11790,11180,11280,840601
2024-02-16,11300,11390,10760,10830,1078142
2024-02-19,10800,10940,10310,10380,1272428
2024-02-20,10510,10870,10470,10760,855897
2024-02-21,10680,10810,10420,10660,526246
2024-02-22,10680,10870,10570,10760,337936
2024-02-23,10790,10860,10620,10700,272002
2024-02-26,10620,11020,10620,10820,315627
2024-02-27,10750,10830,10400,10430,334609
2024-02-28,10430,10540,10340,10420,255818
2024-02-29,10380,10970,10380,10450,471323
2024-03-04,10600,12450,10600,11960,5439980
2024-03-05,11980,12350,11870,12300,1743096
2024-03-06,12470,13300,12030,12930,3284585
2024-03-07,12740,12900,12010,12050,1243502
2024-03-08,12090,13000,12070,12750,1542759
2024-03-11,12740,13550,12670,13230,1796623
2024-03-12,13220,13230,12620,12990,902160
2024-03-13,13020,14000,13020,13520,2132764
2024-03-14,13810,14580,13440,13860,2443635
2024-03-15,14100,15070,13990,14680,5535896
2024-03-18,15700,18500,15570,17200,17113064
2024-03-19,17030,17170,16420,16510,2186291
2024-03-20,16510,17560,16500,17280,3927481
2024-03-21,17240,19200,17150,18600,10125109
2024-03-22,18820,19690,18190,19100,4589976
2024-03-25,19240,19530,18300,19150,2354554
2024-03-26,18990,19890,18700,19300,1785184
2024-03-27,19310,21450,18900,20700,5601575
2024-03-28,20600,22400,20200,20450,3328534
2024-03-29,21000,21750,19060,20150,4561760
2024-04-01,20100,20500,19350,19860,2236654
2024-04-02,19910,19920,18880,19400,1997234
2024-04-03,19300,19580,18700,19180,1816990
2024-04-04,19600,23450,19500,23200,8305075
2024-04-05,23500,24500,20800,21600,6712196
2024-04-08,21150,22200,19880,19880,3882022
2024-04-09,20050,21150,19560,19890,2446458
2024-04-11,19500,20950,19420,20300,1965875
2024-04-12,20950,22300,19950,20450,4497190
2024-04-15,20600,21100,19330,19830,2254065
2024-04-16,19210,19600,17730,18090,2884313
2024-04-17,18320,19440,18310,19050,2402812
2024-04-18,19450,20550,19100,20500,2475881
2024-04-19,20500,20500,18610,19670,2223138
2024-04-22,19500,20000,18650,19110,1329016
2024-04-23,19400,19660,18420,19240,1739371
2024-04-24,19640,20850,19110,20750,2463939
2024-04-25,20350,20950,19700,19850,1909702
2024-04-26,20500,23900,20350,23300,12604382
2024-04-29,23150,23750,22250,22400,3810178
2024-04-30,22700,23250,21700,22050,2375360
2024-05-02,21750,22550,21200,21700,1830369
2024-05-03,21900,22100,20750,20800,1445488
2024-05-07,21000,22400,20950,21850,2394576
2024-05-08,22000,23500,21500,22150,4137738
2024-05-09,22400,22750,21750,22550,1722370
2024-05-10,22900,26250,22300,24650,12749209
2024-05-13,25050,28400,24200,25450,12648136
2024-05-14,25850,26100,23500,24100,4329858
2024-05-16,24150,25750,23200,25650,4688691
2024-05-17,25350,25800,24050,24550,1816668
2024-05-20,25150,26250,25050,25600,3225173
2024-05-21,25950,26500,24400,24450,2106176
2024-05-22,24500,24850,23250,23400,1453649
2024-05-23,22900,23750,21900,23550,1820163
2024-05-24,23000,25600,22850,25100,3258672
2024-05-27,25500,25650,24550,24950,1985784
2024-05-28,25150,28000,24950,28000,5844918
2024-05-29,29050,30250,27100,28600,5939444
2024-05-30,28000,28200,26700,27050,1950119
2024-05-31,27000,27650,25650,27350,2593368
2024-06-03,27100,28200,26800,28200,1994213
2024-06-04,27900,28700,26050,26100,1702657
2024-06-05,25850,25900,23500,23650,2441772
2024-06-07,23250,24100,23100,23450,1202713
2024-06-10,23200,25550,23150,25300,2032844
2024-06-11,25700,26050,24450,25300,1712706
2024-06-12,25450,25500,23950,24150,1270693
2024-06-13,24350,25700,24350,24850,1511784
2024-06-14,25000,25850,24550,25550,1286952
2024-06-17,25550,26900,24950,26300,1709371
2024-06-18,26250,26550,25450,25650,1041960
2024-06-19,26250,26850,25000,25300,1098742
2024-06-20,25300,25600,24550,25350,526086
2024-06-21,25250,26800,25050,26550,2356291
2024-06-24,26750,26900,24500,25000,1402206
2024-06-25,24700,25450,24200,24500,877979
2024-06-26,24550,25350,24450,24550,723035
2024-06-27,24450,26250,24100,25900,2175758
2024-06-28,26000,26500,25450,26200,1143743
2024-07-01,26200,26450,24500,24550,1225083
2024-07-02,24600,25950,24250,25700,1381464
2024-07-03,26000,27350,25300,26300,1894823
2024-07-04,26650,26650,25350,26300,886512
2024-07-05,26150,26250,25450,25450,584691
2024-07-08,25250,26600,25250,26350,1196394
2024-07-09,26350,27700,26150,27250,2298870
2024-07-10,27750,28400,26750,27050,2443580
2024-07-11,27050,29200,26800,28850,3170723
2024-07-12,28250,28800,27250,28400,1813578
2024-07-15,29100,30200,28650,29400,2140059
2024-07-16,29800,30100,28050,29100,1199938
2024-07-17,29100,29500,27250,27300,1102042
2024-07-18,26500,26900,25550,26250,1174771
2024-07-19,25900,27300,25550,26700,623400
2024-07-22,26350,26950,24400,25050,954580
2024-07-23,25100,27600,23900,26450,2712627
2024-07-24,26800,28000,26300,26900,1525883
2024-07-25,25800,26400,24700,24800,1289537
2024-07-26,25000,25350,24050,24300,635024
2024-07-29,24550,25250,23800,25050,527519
2024-07-30,25250,25250,23000,23100,1116869
2024-07-31,22900,23400,22400,22950,728562
2024-08-01,23800,24600,23650,24150,1003642
2024-08-02,23350,23500,21550,21550,1110507
2024-08-05,20650,21200,18000,19050,1574594
2024-08-06,19210,22250,19190,22100,1784167
2024-08-07,22550,23200,21700,22950,928215
2024-08-08,22350,22850,22150,22200,369249
2024-08-09,23300,23800,22750,23450,772817
2024-08-12,23750,23800,22950,23700,454778
2024-08-13,23700,26050,22500,22700,2437686
2024-08-14,23700,24550,23350,23400,1117265
2024-08-16,24400,24600,23600,23850,643131
2024-08-19,23650,23950,23100,23250,437073
2024-08-20,24000,24250,23650,24000,583833
2024-08-21,23650,24350,23100,23550,580375
2024-08-22,24100,24400,22950,23000,543265
2024-08-23,22550,23400,22500,23350,314283
2024-08-26,23400,23550,22000,22000,520258
2024-08-27,21750,22100,20800,22000,509842
2024-08-28,21700,21950,21150,21450,330338
2024-08-29,20850,21050,20250,20300,604992
2024-08-30,20600,20700,19940,20050,464016
2024-09-02,20250,20250,19620,19700,463651
2024-09-03,20000,20500,19310,19490,745020
2024-09-04,18100,18560,17800,18400,749862
2024-09-05,18400,18570,17210,17510,809360
2024-09-06,17510,17530,16660,17200,529984
2024-09-09,16740,18570,16600,18360,606086
2024-09-10,18600,19110,18190,18230,455520
2024-09-11,18260,20050,18260,19180,1068261
2024-09-12,19680,20400,19650,20050,595008
2024-09-13,20450,20450,19660,19840,379173
2024-09-19,20200,21300,20200,21100,644360
2024-09-20,21700,22500,21500,21950,849870
2024-09-23,22250,22700,21850,22000,363605
2024-09-24,22150,22650,21650,21800,447236
2024-09-25,22300,22400,21000,21250,471643
2024-09-26,21600,22900,21550,22750,852297
2024-09-27,23050,23150,22050,22300,392336
2024-09-30,22300,22600,21950,22200,212690
2024-10-02,21800,22050,21150,21500,297470
2024-10-04,21550,22200,20850,21800,491645
2024-10-07,22150,22600,21450,22300,334891
2024-10-08,22250,22350,21700,22050,261191
2024-10-10,22350,22650,22050,22100,257139
2024-10-11,22100,22250,21200,21300,336217
2024-10-14,21400,22450,21400,22400,375675
2024-10-15,22500,22550,21950,22400,264475
2024-10-16,22150,23100,21900,22450,502679
2024-10-17,23550,26350,23500,26100,4174733
2024-10-18,25950,26100,25200,25750,1041387
2024-10-21,25800,26650,25450,26350,1062119
2024-10-22,26100,26150,24900,24900,754939
2024-10-23,24800,25200,23800,24250,627977
2024-10-24,23850,24400,23300,24300,449410
2024-10-25,24400,25700,23500,24200,1079304
2024-10-28,24050,24700,23550,23750,497724
2024-10-29,23850,24150,23550,24000,346790
2024-10-30,24100,25150,23800,24800,626860
2024-10-31,24300,25000,23800,24950,423786
2024-11-01,24550,25850,24000,25150,710927
2024-11-04,25450,27000,24800,26950,1212069
2024-11-05,27300,28600,26850,27500,1590999
2024-11-06,27850,29650,27650,28550,2029358
2024-11-07,29000,29000,26600,27750,1158559
2024-11-08,27750,29200,27500,28850,1011604
2024-11-11,28700,30000,27750,28450,1382146
2024-11-12,28350,29200,27100,27250,1201224
2024-11-13,26800,27350,24300,24550,2320231
2024-11-14,25400,26100,24900,25650,1274625
2024-11-15,25450,25550,24500,24650,828250
2024-11-18,24400,24800,23250,23550,881361
2024-11-19,23600,24050,23050,23900,693346
2024-11-20,24000,24350,22850,22900,894346
2024-11-21,22800,23050,22150,22400,513449
2024-11-22,22450,23000,21750,21850,905911
2024-11-25,22050,22600,21600,22500,823093
2024-11-26,22500,22500,20700,21250,1178499
2024-11-27,21300,21800,21200,21650,491629
2024-11-28,21500,21700,20800,21300,704662
2024-11-29,21200,21450,20500,21100,644238
2024-12-02,21500,21550,20600,20600,520781
2024-12-03,20650,22000,20650,21900,808536
2024-12-04,21500,22100,20850,21400,820984
2024-12-05,21950,23050,21700,22650,1203030
2024-12-06,22850,23250,22050,22900,1122938
2024-12-09,22500,23700,22400,22400,1189703
2024-12-10,22800,24800,22750,24600,1146588
2024-12-11,24900,25600,24550,25300,1001128
2024-12-12,25800,26100,24800,25200,790285
2024-12-13,25200,26650,24750,25750,1154901
2024-12-16,26350,26950,25900,26450,948485
2024-12-17,26400,27750,25950,27600,1246560
2024-12-18,27600,28450,26950,27550,810146
2024-12-19,26750,28200,26750,27750,786731
2024-12-20,27950,27950,25950,26250,995016
2024-12-23,26900,27500,26500,27050,710251
2024-12-24,27200,28300,26600,27950,725475
2024-12-26,28250,28300,27400,27550,372822
2024-12-27,27100,27900,27000,27400,414150
2024-12-30,26850,27750,26100,27250,496361
2025-01-02,27650,29450,27550,29150,1376003
2025-01-03,29300,29450,28700,28950,668584
2025-01-06,29200,29700,28400,28650,712766
2025-01-07,28950,30950,28400,28650,1941623
2025-01-08,28400,28850,27600,27750,780705
2025-01-09,27750,28450,27400,27800,809611
2025-01-10,28000,28750,27300,27850,463460
2025-01-13,28300,28700,27850,28250,795843
2025-01-14,28850,28850,27850,28150,446559
2025-01-15,28300,30900,28250,30000,2462697
2025-01-16,30000,31450,29550,30000,2049120
2025-01-17,30750,31450,29850,31350,1781786
2025-01-20,31800,32250,29150,29200,2016942
2025-01-21,29800,30500,29550,30300,764029
2025-01-22,30550,34500,30550,33000,4868344
2025-01-23,33000,33850,32600,32800,1147365
2025-01-24,33000,37550,32850,36250,4103016
2025-01-31,33750,34450,32250,32550,2155350
2025-02-03,31500,32450,30800,31250,1370841
2025-02-04,32000,33050,31600,32250,1267394
2025-02-05,33100,33450,31800,32350,773284
2025-02-06,32900,34450,32200,34000,1242331
2025-02-07,34000,34300,32800,33000,676103
2025-02-10,32250,33550,31750,32400,590943
2025-02-11,32700,33450,31800,31950,583049
2025-02-12,31700,33600,31250,33200,852155
2025-02-13,33350,34350,32800,33800,838545
2025-02-14,32850,33050,30000,31400,2345221
2025-02-17,31400,32450,30250,31750,1490992
2025-02-18,31750,33200,31250,33200,1185796
2025-02-19,34350,34350,31500,31700,1440446
2025-02-20,31900,32200,30550,30800,681679
2025-02-21,30400,31050,30400,30600,343704
2025-02-24,29800,29900,29100,29650,875767
2025-02-25,29000,29300,28650,28950,661621
2025-02-26,28950,29750,28600,29150,455059
2025-02-27,29650,30200,29100,29300,443142
2025-02-28,28550,29050,27750,28100,599173
2025-03-04,27000,28250,26950,28000,626886
2025-03-05,28450,29150,28150,29050,466382
2025-03-06,29500,29700,27550,27950,633478
2025-03-07,27400,28150,26950,27200,530847
2025-03-10,27200,27800,26700,27450,275843
2025-03-11,26100,27250,26100,27000,424273
2025-03-12,27250,27400,26650,26750,388032
2025-03-13,27200,27800,27000,27100,389192
2025-03-14,27150,28075,26900,27900,418320
2025-03-17,28600,30500,28250,30350,1259994
2025-03-18,30600,30700,29750,30000,610237
2025-03-19,30250,30250,28450,28450,831950
2025-03-20,28850,29050,28200,28600,413722
2025-03-21,28450,28450,27400,27600,503525
2025-03-24,27600,28800,27600,28050,383645
2025-03-25,28250,29200,27700,27950,508865
2025-03-26,28050,28300,27200,27950,346237
2025-03-27,27300,27600,25600,25800,897533
2025-03-28,25800,25900,24950,25300,482716
2025-03-31,24400,25600,24350,24900,258611
2025-04-01,25300,25550,24950,25400,210321
2025-04-02,25400,25600,24500,24900,338358
2025-04-03,23950,25400,23750,25400,349998
2025-04-04,24350,25200,22850,23550,870771
2025-04-07,21800,22050,20000,20050,1104827
2025-04-08,20950,21250,20200,20600,464934
2025-04-09,20500,21300,19800,20200,628778
2025-04-10,22550,22750,21800,22300,625592
2025-04-11,21800,22650,21600,22550,325828
2025-04-14,23150,23350,22300,22800,342030
2025-04-15,22800,24400,22600,24100,481773
2025-04-16,23700,24500,23300,23500,409690
2025-04-17,23300,25200,23250,25050,573351
2025-04-18,25800,25800,24400,24800,355610
2025-04-21,24950,25050,24100,24400,214835
2025-04-22,24000,24550,22550,22900,672238
2025-04-23,23650,24050,23100,23550,506726
2025-04-24,23950,23950,22850,23250,384563
2025-04-25,23700,24400,23700,24050,374901
2025-04-28,24200,24250,23600,23750,286899
2025-04-29,24200,26350,24000,26000,1189545
2025-04-30,26900,27350,25000,25200,711808
2025-05-02,25950,26700,25650,26400,674823
2025-05-07,26750,27300,26050,26950,457409
2025-05-08,27300,29100,26550,28800,1148317
2025-05-09,29200,29250,28300,28750,555176
2025-05-12,29350,30000,28250,28400,770936
2025-05-13,28850,28950,28100,28600,396713
2025-05-14,29150,29750,27550,28200,2062932
2025-05-15,28500,29150,27050,27650,1031736
2025-05-16,27900,29100,27450,28900,1112185
2025-05-19,29550,29800,28000,28400,814606
2025-05-20,28850,31250,28600,30900,1909757
2025-05-21,31600,31600,30250,30900,866424
2025-05-22,30200,31250,30200,30600,755687
2025-05-23,30800,30900,29700,30350,551310
2025-05-26,30700,30900,30050,30600,510331
2025-05-27,30500,30950,29950,30750,410085
2025-05-28,31200,31250,28850,29050,768775
2025-05-29,29700,31400,29700,30300,1098392
2025-05-30,30200,30350,29600,30100,370257
2025-06-02,30000,30400,29250,30000,431605
2025-06-04,30600,30750,30000,30150,344311
2025-06-05,30550,30550,29050,29600,630177
2025-06-09,29950,31150,29700,30950,773236
2025-06-10,32250,32450,31250,31950,992839
2025-06-11,32050,32150,31400,31700,445812
2025-06-12,32250,32700,31200,31400,447753
2025-06-13,31800,31800,30450,31700,523354
2025-06-16,31450,32500,31200,32350,910679
2025-06-17,33300,33750,31250,32150,993309
2025-06-18,32550,33300,32150,32600,521559
2025-06-19,32900,33850,32100,33450,738485
2025-06-20,34300,34450,32650,32900,597689
2025-06-23,32150,33150,32000,32700,412750
2025-06-24,33400,33950,32700,33600,584893
2025-06-25,33750,34450,33250,33800,570983
2025-06-26,33750,33900,32000,33150,603780
2025-06-27,33150,37700,32850,37600,4894345
2025-06-30,38000,41600,36900,41200,2474368
2025-07-01,40750,41500,40050,40600,1179150
2025-07-02,40200,41200,38850,41050,1152689
2025-07-03,40400,40500,36950,37200,1553057
2025-07-04,37400,37850,35800,36200,567573
2025-07-07,35300,37500,35300,36950,642376
2025-07-08,36950,38100,36650,37900,736454
2025-07-09,38900,38950,37300,38700,465976
2025-07-10,38850,39500,38200,38900,450657
2025-07-11,39050,39150,37950,38200,389811
2025-07-14,38000,38750,37200,37800,313167
2025-07-15,38650,41950,38200,41050,2405155
2025-07-16,40400,40900,39300,40100,788818
2025-07-17,40150,40200,38700,39600,531012
2025-07-18,39950,40650,39050,39850,484754
2025-07-21,38000,40150,37900,39900,1042460
2025-07-22,39500,39700,37500,38450,606704
2025-07-23,38600,39200,38000,39100,504519
2025-07-24,39800,41000,39600,40250,721201
2025-07-25,39800,39900,38900,39500,249017
2025-07-28,40450,42600,40050,41250,1135480
2025-07-29,41050,44400,40400,43800,1214836
2025-07-30,43500,43650,42150,42450,460710
2025-07-31,43250,43600,41800,42550,563044
2025-08-01,42200,42550,40450,41450,602123
2025-08-04,40650,41600,40300,41450,563314
2025-08-05,41950,42700,41200,42400,467884
2025-08-06,41950,42850,41350,42750,325853
2025-08-07,42500,43250,41250,41800,547891
2025-08-08,41750,41950,40600,40800,426737
2025-08-11,41500,42450,41100,41550,522017
2025-08-12,41600,43800,39800,40100,1002044
2025-08-13,40800,41900,36150,39650,1834031
2025-08-14,39700,40050,38500,39400,587418
2025-08-18,38600,39150,37900,38800,462457
2025-08-19,38800,38900,37550,37750,521853
2025-08-20,36600,37400,35600,36650,877639
2025-08-21,37100,37450,36400,36600,584476
2025-08-22,36900,38800,36850,38050,1109584
2025-08-25,38650,38700,36750,37300,1080748
2025-08-26,37300,37500,36250,36600,652419
2025-08-27,37200,38150,36850,37050,850969
2025-08-28,36950,37200,36500,36650,385053
2025-08-29,36950,37650,36050,36250,616249
2025-09-01,35900,36600,35350,35500,474620
2025-09-02,36000,36450,35200,35750,392848
2025-09-03,35750,37050,35750,36250,586242
2025-09-04,36450,36800,35950,36000,370448
2025-09-05,36200,36750,35850,36250,412325
2025-09-08,36250,36300,35500,36100,370407
2025-09-09,36300,36650,35900,36200,455026
2025-09-10,36550,39350,36200,39000,2159813
2025-09-11,40100,40150,38500,38800,1267194
2025-09-12,39050,39150,38100,38200,791853
2025-09-15,38200,38200,37150,37500,664850
2025-09-16,37700,38450,37200,37350,597660
2025-09-17,37500,37650,36000,36150,722668
2025-09-18,36300,36950,36050,36250,523832
2025-09-19,36250,36700,36000,36150,1054463
2025-09-22,36300,36750,35000,35100,749371
2025-09-23,35250,37700,35200,35800,1784974
2025-09-24,36600,36900,35450,35650,710960
2025-09-25,35900,35950,34900,34950,545583
2025-09-26,34950,35000,33500,33900,706206
2025-09-29,34200,34750,33825,34550,278160
2025-09-30,34550,36250,34350,35300,528650
2025-10-01,35550,36100,35300,35750,417693
2025-10-02,36200,37550,36050,36850,814238
2025-10-10,37600,39650,36900,39100,1770171
2025-10-13,38150,39500,37750,39400,1061261
2025-10-14,40000,43300,39400,40400,3551918
2025-10-15,40600,41500,39900,41250,1248680
2025-10-16,41500,42900,40200,42600,1538193
2025-10-17,42000,43150,41450,42050,1058968
2025-10-20,42350,46500,42150,45550,3626157
2025-10-21,45550,45700,42750,42950,1724479
2025-10-22,43000,43950,41700,43050,875735
2025-10-23,43100,45700,42800,44250,1933962
2025-10-24,44850,52100,44600,50900,7235733
2025-10-27,51500,51500,49050,49400,1781854
2025-10-28,49850,51500,49050,51400,1456230
2025-10-29,52000,53000,50600,52900,1201172
2025-10-30,53300,62200,52200,59100,3955275
2025-10-31,59000,59400,56400,57600,1819984
2025-11-03,59500,66900,59000,63600,3061312
2025-11-04,64900,67900,62700,65500,2303852
2025-11-05,62600,64400,58500,61600,1884780
2025-11-06,63800,64900,60700,61200,1289824
2025-11-07,58000,62900,57800,61400,1399936
2025-11-10,61500,62700,59100,62300,1009330
2025-11-11,63700,64300,61100,62300,982765
2025-11-12,62900,62900,60000,61400,682724
2025-11-13,61000,62100,59600,61400,688306
2025-11-14,59400,60800,58100,59400,754589
2025-11-17,60200,61400,58200,58400,624657
2025-11-18,57600,59400,55000,55200,894330
2025-11-19,55300,58300,52500,56300,1101287
2025-11-20,59200,60400,56600,57100,786676
2025-11-21,53700,55300,53200,53800,502821
2025-11-24,54400,54900,52800,53500,399369
2025-11-25,54700,55300,52700,53300,338099
2025-11-26,53900,54300,52200,54300,446729
2025-11-27,54900,56000,54400,54900,378686
2025-11-28,55300,55500,53600,54900,315079
2025-12-01,55000,55100,50800,51800,788573
2025-12-02,51800,53900,51500,53600,464908
2025-12-03,54000,54200,52700,54200,329979
2025-12-04,54400,54900,52600,53200,339521
2025-12-05,53400,55200,53000,55000,469237
2025-12-08,54500,54500,52600,54300,406758
2025-12-09,53700,54500,53100,53900,370318
2025-12-10,55300,55900,54100,54700,570983
2025-12-11,55300,62500,55300,56800,3561389
2025-12-12,57600,60900,56800,60400,1531737
2025-12-15,58700,59100,56500,56700,950086
2025-12-16,56700,58800,55800,56300,788755
2025-12-17,56700,57200,55000,55500,459097
2025-12-18,53700,54900,52600,53600,613095
2025-12-19,54600,55200,54000,54700,326295
2025-12-22,55600,56900,54600,55400,337767
2025-12-23,55500,56700,54700,54800,326284
2025-12-24,55000,55300,53900,54000,264465
2025-12-26,54000,54100,52600,52600,342173
2025-12-29,52700,56300,52600,55300,535028
2025-12-30,55300,56100,54100,54400,289400
2026-01-02,54500,58300,53100,58100,557526
2026-01-05,58700,62400,57800,62300,913977
2026-01-06,63500,63900,59000,62400,840827
2026-01-07,62700,64900,62100,63500,734393
2026-01-08,63500,63600,61700,61900,356714
2026-01-09,62300,62400,59300,60300,341727
2026-01-12,61800,62900,60600,61600,436524
2026-01-13,63200,63400,60700,61900,394516
2026-01-14,61800,64800,61100,63100,561267
2026-01-15,63100,64200,61300,62000,438486
2026-01-16,62500,62900,60800,62400,371402
2026-01-19,62500,64200,62400,62500,378258
2026-01-20,62300,64000,59800,62700,601764
2026-01-21,60700,61800,59700,61100,338927
2026-01-22,61900,62400,60500,61100,328141
2026-01-23,61200,63000,60400,61700,354482
2026-01-26,61600,61900,59600,60500,366581
2026-01-27,61300,63900,59700,62800,617447
2026-01-28,64500,66400,62300,66000,889589
2026-01-29,66000,66100,61500,64800,684719
2026-01-30,64900,68600,63700,67000,857399
2026-02-02,66000,66000,59000,59400,825324
2026-02-03,61600,65800,60500,65200,613142
2026-02-04,65900,71300,64300,69500,1054819
2026-02-05,69400,70900,65000,66300,553408
2026-02-06,63200,64500,60600,63700,433642
2026-02-09,67000,73400,66300,71800,1082805
2026-02-10,71500,72500,68000,68300,514315
2026-02-11,68500,72400,67000,71300,586736
2026-02-12,71000,72900,70300,72400,433980
2026-02-13,71000,75200,70000,71500,579667
2026-02-19,72600,73400,70600,71400,407911
2026-02-20,71900,73100,71200,72100,426993
2026-02-23,75900,86500,75800,82300,2298581
2026-02-24,80800,83800,80000,82200,549142
2026-02-25,95600,98000,84200,84600,2452632
2026-02-26,88000,90700,86200,88900,1257770
2026-02-27,90000,91500,88600,89500,585724
2026-03-03,86300,90500,83000,83200,607488
2026-03-04,77100,82500,70200,72400,838303
2026-03-05,79500,82800,79500,81000,466994
2026-03-06,79600,85300,79200,82100,387167
2026-03-09,76100,78400,74500,77400,374293
2026-03-10,82000,82000,79300,81000,297360
2026-03-11,82400,82500,78200,79900,280429
2026-03-12,79500,81200,78900,80500,128529
2026-03-13,78400,80400,77600,78700,216618
2026-03-16,77700,78900,75500,77000,274291
2026-03-17,79100,80400,78000,78200,223768
2026-03-18,81300,82400,80000,82300,285542
2026-03-19,79700,83700,79700,82100,285599
2026-03-20,83600,83700,80800,82600,312519
2026-03-23,79800,80000,76600,76600,232709
2026-03-24,79900,80100,74400,77300,218605
2026-03-25,77900,80000,77300,79500,367232
2026-03-26,79900,81800,77500,78000,236627
2026-03-27,75800,76850,72400,75100,323890
2026-03-30,70800,72200,69200,71200,173065
2026-03-31,69700,72600,69000,69500,266815
